Date,GBPGHS
2008-01-02,0.9799
2008-01-03,0.9799
2008-01-04,0.9798
2008-01-05,0.9798
2008-01-06,0.9798
2008-01-07,0.9809
2008-01-08,0.98
2008-01-09,0.9802
2008-01-10,0.9803
2008-01-11,0.9803
2008-01-12,0.9803
2008-01-13,0.9803
2008-01-14,0.9803
2008-01-15,0.9805
2008-01-16,0.9798
2008-01-17,0.9798
2008-01-18,0.9799
2008-01-19,0.9799
2008-01-20,0.9799
2008-01-21,0.9799
2008-01-22,0.9799
2008-01-23,0.9798
2008-01-24,0.9802
2008-01-25,0.9802
2008-01-26,0.9802
2008-01-27,0.9802
2008-01-28,0.9802
2008-01-29,0.9488
2008-01-30,0.9804
2008-01-31,0.9804
2008-02-01,0.9804
2008-02-02,0.9804
2008-02-03,0.9804
2008-02-04,0.9804
2008-02-05,0.9814
2008-02-06,0.9814
2008-02-07,0.9814
2008-02-08,0.9818
2008-02-09,0.9818
2008-02-10,0.9818
2008-02-11,0.9818
2008-02-12,0.9819
2008-02-13,0.983
2008-02-14,0.983
2008-02-15,0.983
2008-02-16,0.983
2008-02-17,0.983
2008-02-18,0.983
2008-02-19,0.983
2008-02-20,0.983
2008-02-21,0.9836
2008-02-22,0.9836
2008-02-23,0.9836
2008-02-24,0.9836
2008-02-25,0.9836
2008-02-26,0.9835
2008-02-27,0.9835
2008-02-28,0.9835
2008-02-29,0.9835
2008-03-01,0.9835
2008-03-02,0.9835
2008-03-03,0.9835
2008-03-04,0.9835
2008-03-05,0.9838
2008-03-06,0.9838
2008-03-07,0.9838
2008-03-08,0.9838
2008-03-09,0.9838
2008-03-10,0.9839
2008-03-11,0.9839
2008-03-12,0.9839
2008-03-13,0.9846
2008-03-14,0.9851
2008-03-15,0.9851
2008-03-16,0.9851
2008-03-17,0.9851
2008-03-18,0.9851
2008-03-19,0.0
2008-03-20,0.9814
2008-03-21,0.9814
2008-03-22,0.9814
2008-03-23,0.9814
2008-03-24,0.9814
2008-03-25,0.9851
2008-03-26,0.9852
2008-03-27,0.9852
2008-03-28,0.9852
2008-03-29,0.9852
2008-03-30,0.9852
2008-03-31,0.9852
2008-04-01,0.9853
2008-04-02,0.9853
2008-04-03,0.9853
2008-04-04,0.9853
2008-04-05,0.9853
2008-04-06,0.9853
2008-04-07,0.9839
2008-04-08,0.9856
2008-04-09,0.9856
2008-04-10,0.9856
2008-04-11,0.9883
2008-04-12,0.9883
2008-04-13,0.9883
2008-04-14,0.9883
2008-04-15,0.9889
2008-04-16,0.9894
2008-04-17,0.9898
2008-04-18,0.9903
2008-04-19,0.9903
2008-04-20,0.9903
2008-04-21,0.9904
2008-04-22,0.9905
2008-04-23,0.9909
2008-04-24,0.9927
2008-04-25,0.9933
2008-04-26,0.9933
2008-04-27,0.9933
2008-04-28,0.994
2008-04-29,0.994
2008-04-30,0.9937
2008-05-01,0.9937
2008-05-02,0.9946
2008-05-03,0.9946
2008-05-04,0.9946
2008-05-05,0.995
2008-05-06,0.0
2008-05-07,0.9957
2008-05-08,0.9965
2008-05-09,0.9967
2008-05-10,0.9967
2008-05-11,0.9967
2008-05-12,0.9972
2008-05-13,0.9991
2008-05-14,0.0
2008-05-15,1.0003
2008-05-16,1.0011
2008-05-17,1.0011
2008-05-18,1.0011
2008-05-19,1.0018
2008-05-20,1.0018
2008-05-21,1.0026
2008-05-22,1.0029
2008-05-23,1.0055
2008-05-24,1.0055
2008-05-25,1.0055
2008-05-26,1.0055
2008-05-27,1.0065
2008-05-28,1.0068
2008-05-29,1.0075
2008-05-30,1.0082
2008-05-31,1.0082
2008-06-01,1.0082
2008-06-02,1.0088
2008-06-03,1.0111
2008-06-04,1.0126
2008-06-05,1.0135
2008-06-06,1.0153
2008-06-07,1.0153
2008-06-08,1.0153
2008-06-09,1.0157
2008-06-10,1.0208
2008-06-11,1.0209
2008-06-12,1.02
2008-06-13,1.01
2008-06-14,1.01
2008-06-15,1.01
2008-06-16,1.0219
2008-06-17,1.0154
2008-06-18,1.0273
2008-06-19,1.029
2008-06-20,1.0309
2008-06-21,1.0309
2008-06-22,1.0309
2008-06-23,1.0316
2008-06-24,1.0336
2008-06-25,1.0346
2008-06-26,1.0358
2008-06-27,1.0363
2008-06-28,1.0363
2008-06-29,1.0363
2008-06-30,1.0363
2008-07-01,1.0363
2008-07-02,1.0385
2008-07-03,1.0405
2008-07-04,1.0405
2008-07-05,1.0405
2008-07-06,1.0405
2008-07-07,1.0415
2008-07-08,1.0449
2008-07-09,1.045
2008-07-10,1.0468
2008-07-11,1.0495
2008-07-12,1.0495
2008-07-13,1.0495
2008-07-14,1.0504
2008-07-15,1.0505
2008-07-16,1.051
2008-07-17,1.0519
2008-07-18,1.0523
2008-07-19,1.0523
2008-07-20,1.0523
2008-07-21,1.0523
2008-07-22,1.0528
2008-07-23,1.0528
2008-07-24,1.0565
2008-07-25,1.0729
2008-07-26,1.0729
2008-07-27,1.0729
2008-07-28,1.0789
2008-07-29,1.081
2008-07-30,1.0815
2008-07-31,1.0842
2008-08-01,1.0844
2008-08-02,1.0844
2008-08-03,1.0844
2008-08-04,1.0844
2008-08-05,1.0863
2008-08-06,1.0905
2008-08-07,1.0919
2008-08-08,1.0924
2008-08-09,1.0924
2008-08-10,1.0924
2008-08-11,1.0933
2008-08-12,1.0962
2008-08-13,1.0962
2008-08-14,1.0975
2008-08-15,1.0972
2008-08-16,1.0972
2008-08-17,1.0972
2008-08-18,1.0976
2008-08-19,1.1066
2008-08-20,1.1096
2008-08-21,1.1099
2008-08-22,1.1113
2008-08-23,1.1113
2008-08-24,1.1113
2008-08-25,1.111
2008-08-26,1.1206
2008-08-27,1.1206
2008-08-28,1.1213
2008-08-29,1.1213
2008-08-30,1.1213
2008-08-31,1.1213
2008-09-01,1.1231
2008-09-02,1.124
2008-09-03,1.1235
2008-09-04,1.1245
2008-09-05,1.1263
2008-09-06,1.1263
2008-09-07,1.1263
2008-09-08,1.1284
2008-09-09,1.1306
2008-09-10,1.1317
2008-09-11,1.1326
2008-09-12,1.1379
2008-09-13,1.1379
2008-09-14,1.1379
2008-09-15,1.1384
2008-09-16,1.1385
2008-09-17,1.1385
2008-09-18,1.1389
2008-09-19,1.1403
2008-09-20,1.1403
2008-09-21,1.1403
2008-09-22,1.1404
2008-09-23,1.1405
2008-09-24,1.1404
2008-09-25,1.1404
2008-09-26,1.1404
2008-09-27,1.1404
2008-09-28,1.1404
2008-09-29,1.1426
2008-09-30,1.1426
2008-10-01,1.1426
2008-10-02,1.1442
2008-10-03,1.1437
2008-10-04,1.1437
2008-10-05,1.1437
2008-10-06,1.1433
2008-10-07,1.1479
2008-10-08,1.1498
2008-10-09,1.1517
2008-10-10,1.1517
2008-10-11,1.1517
2008-10-12,1.1517
2008-10-13,1.1547
2008-10-14,1.1554
2008-10-15,1.1574
2008-10-16,1.1578
2008-10-17,1.158
2008-10-18,1.158
2008-10-19,1.158
2008-10-20,1.1584
2008-10-21,1.1587
2008-10-22,1.1599
2008-10-23,1.16
2008-10-24,1.1602
2008-10-25,1.1602
2008-10-26,1.1602
2008-10-27,1.1606
2008-10-28,1.1615
2008-10-29,1.162
2008-10-30,1.1628
2008-10-31,0.0
2008-11-01,0.0
2008-11-02,0.0
2008-11-03,1.1681
2008-11-04,1.1693
2008-11-05,1.1702
2008-11-06,1.171
2008-11-07,1.172
2008-11-08,1.172
2008-11-09,1.172
2008-11-10,1.1704
2008-11-11,1.1727
2008-11-12,1.1746
2008-11-13,1.1769
2008-11-14,1.1776
2008-11-15,1.1776
2008-11-16,1.1776
2008-11-17,1.1777
2008-11-18,1.1825
2008-11-19,1.1853
2008-11-20,1.1862
2008-11-21,1.1871
2008-11-22,1.1871
2008-11-23,1.1871
2008-11-24,1.1882
2008-11-25,1.1902
2008-11-26,1.1904
2008-11-27,1.193
2008-11-28,1.1962
2008-11-29,1.1962
2008-11-30,1.1962
2008-12-01,1.1966
2008-12-02,1.1969
2008-12-03,1.1972
2008-12-04,1.1981
2008-12-05,1.1981
2008-12-06,1.1981
2008-12-07,1.1981
2008-12-08,1.1981
2008-12-09,1.1983
2008-12-10,1.2001
2008-12-11,1.2001
2008-12-12,1.2065
2008-12-13,1.2065
2008-12-14,1.2065
2008-12-15,1.2069
2008-12-16,1.2102
2008-12-17,1.2102
2008-12-18,1.2171
2008-12-19,1.2188
2008-12-20,1.2188
2008-12-21,1.2188
2008-12-22,1.2235
2008-12-23,1.2242
2008-12-24,1.2295
2008-12-25,1.2295
2008-12-26,1.2295
2008-12-27,1.2295
2008-12-28,1.2295
2008-12-29,1.2309
2008-12-30,1.2309
2008-12-31,1.2345
2009-01-01,1.2345
2009-01-02,1.235
2009-01-03,1.235
2009-01-04,1.235
2009-01-05,1.235
2009-01-06,1.2388
2009-01-07,1.239
2009-01-08,1.2477
2009-01-09,1.2498
2009-01-10,1.2498
2009-01-11,1.2498
2009-01-12,1.2497
2009-01-13,1.2529
2009-01-14,0.0
2009-01-15,1.255
2009-01-16,1.2559
2009-01-17,1.2559
2009-01-18,1.2559
2009-01-19,1.2559
2009-01-20,1.2643
2009-01-21,1.2664
2009-01-22,1.2675
2009-01-23,1.2684
2009-01-24,1.2684
2009-01-25,1.2684
2009-01-26,1.2753
2009-01-27,1.2775
2009-01-28,1.2793
2009-01-29,1.2884
2009-01-30,1.2896
2009-01-31,1.2896
2009-02-01,1.2896
2009-02-02,1.2911
2009-02-03,1.2925
2009-02-04,1.3001
2009-02-05,1.3056
2009-02-06,1.3161
2009-02-07,1.3161
2009-02-08,1.3161
2009-02-09,0.0
2009-02-10,1.3222
2009-02-11,1.3234
2009-02-12,1.3234
2009-02-13,1.3253
2009-02-14,1.3253
2009-02-15,1.3253
2009-02-16,1.3253
2009-02-17,1.3293
2009-02-18,1.3438
2009-02-19,1.3447
2009-02-20,1.3475
2009-02-21,1.3475
2009-02-22,1.3475
2009-02-23,1.3477
2009-02-24,1.3491
2009-02-25,1.3491
2009-02-26,1.3518
2009-02-27,1.352
2009-02-28,1.352
2009-03-01,1.352
2009-03-02,1.3522
2009-03-03,1.3525
2009-03-04,1.3529
2009-03-05,1.3575
2009-03-06,1.3575
2009-03-07,1.3575
2009-03-08,1.3575
2009-03-09,1.3639
2009-03-10,1.3639
2009-03-11,1.3644
2009-03-12,1.3671
2009-03-13,1.3675
2009-03-14,1.3675
2009-03-15,1.3675
2009-03-16,1.3723
2009-03-17,1.3734
2009-03-18,1.3755
2009-03-19,1.3837
2009-03-20,1.3846
2009-03-21,1.3846
2009-03-22,1.3846
2009-03-23,1.3846
2009-03-24,1.386
2009-03-25,1.386
2009-03-26,1.3855
2009-03-27,1.3889
2009-03-28,1.3889
2009-03-29,1.3889
2009-03-30,1.3894
2009-03-31,1.3895
2009-04-01,1.3895
2009-04-02,1.3919
2009-04-03,1.3948
2009-04-04,1.3948
2009-04-05,1.3948
2009-04-06,1.3957
2009-04-07,1.3964
2009-04-08,1.3964
2009-04-09,1.3965
2009-04-10,1.3965
2009-04-11,1.3965
2009-04-12,1.3965
2009-04-13,1.3965
2009-04-14,1.397
2009-04-15,1.3981
2009-04-16,1.3975
2009-04-17,1.3983
2009-04-18,1.3983
2009-04-19,1.3983
2009-04-20,1.399
2009-04-21,1.3999
2009-04-22,1.4155
2009-04-23,1.4161
2009-04-24,1.4165
2009-04-25,1.4165
2009-04-26,1.4165
2009-04-27,1.417
2009-04-28,1.4177
2009-04-29,1.418
2009-04-30,1.418
2009-05-01,1.418
2009-05-02,1.418
2009-05-03,1.418
2009-05-04,1.4227
2009-05-05,1.4248
2009-05-06,1.4255
2009-05-07,1.4254
2009-05-08,1.4254
2009-05-09,1.4254
2009-05-10,1.4254
2009-05-11,1.4265
2009-05-12,1.4276
2009-05-13,1.4295
2009-05-14,1.4299
2009-05-15,1.43
2009-05-16,1.43
2009-05-17,1.43
2009-05-18,1.4307
2009-05-19,1.4351
2009-05-20,1.4346
2009-05-21,1.4356
2009-05-22,1.4356
2009-05-23,1.4356
2009-05-24,1.4356
2009-05-25,1.4356
2009-05-26,1.4365
2009-05-27,1.4365
2009-05-28,1.44
2009-05-29,1.4406
2009-05-30,1.4406
2009-05-31,1.4406
2009-06-01,1.4406
2009-06-02,1.4426
2009-06-03,1.4446
2009-06-04,1.4508
2009-06-05,1.4517
2009-06-06,1.4517
2009-06-07,1.4517
2009-06-08,1.4542
2009-06-09,1.4551
2009-06-10,1.4557
2009-06-11,1.4557
2009-06-12,1.4654
2009-06-13,1.4654
2009-06-14,1.4654
2009-06-15,1.4661
2009-06-16,1.4676
2009-06-17,1.469
2009-06-18,1.4708
2009-06-19,1.471
2009-06-20,1.471
2009-06-21,1.471
2009-06-22,1.4708
2009-06-23,1.4722
2009-06-24,1.4721
2009-06-25,1.474
2009-06-26,1.4742
2009-06-27,1.4742
2009-06-28,1.4742
2009-06-29,1.4744
2009-06-30,1.4752
2009-07-01,1.4752
2009-07-02,1.4765
2009-07-03,1.4777
2009-07-04,1.4777
2009-07-05,1.4777
2009-07-06,1.4777
2009-07-07,1.477
2009-07-08,1.4767
2009-07-09,1.4742
2009-07-10,1.4744
2009-07-11,1.4744
2009-07-12,1.4744
2009-07-13,1.4751
2009-07-14,1.4787
2009-07-15,1.4793
2009-07-16,1.4812
2009-07-17,1.4814
2009-07-18,1.4814
2009-07-19,1.4814
2009-07-20,1.4814
2009-07-21,1.4796
2009-07-22,1.481
2009-07-23,1.481
2009-07-24,1.481
2009-07-25,1.481
2009-07-26,1.481
2009-07-27,1.481
2009-07-28,1.4887
2009-07-29,1.4887
2009-07-30,1.4894
2009-07-31,1.4899
2009-08-01,1.4899
2009-08-02,1.4899
2009-08-03,1.4932
2009-08-04,1.4949
2009-08-05,1.4941
2009-08-06,1.4954
2009-08-07,1.4952
2009-08-08,1.4952
2009-08-09,1.4952
2009-08-10,1.4939
2009-08-11,1.4898
2009-08-12,1.4888
2009-08-13,1.4897
2009-08-14,1.4878
2009-08-15,1.4878
2009-08-16,1.4878
2009-08-17,1.4866
2009-08-18,1.4875
2009-08-19,1.4859
2009-08-20,1.4857
2009-08-21,1.4857
2009-08-22,1.4857
2009-08-23,1.4857
2009-08-24,1.4853
2009-08-25,1.4837
2009-08-26,1.4827
2009-08-27,1.4804
2009-08-28,1.4809
2009-08-29,1.4809
2009-08-30,1.4809
2009-08-31,1.4804
2009-09-01,1.4787
2009-09-02,1.4787
2009-09-03,1.4787
2009-09-04,1.4778
2009-09-05,1.4778
2009-09-06,1.4778
2009-09-07,1.4772
2009-09-08,1.477
2009-09-09,1.477
2009-09-10,1.4767
2009-09-11,1.4767
2009-09-12,1.4767
2009-09-13,1.4767
2009-09-14,1.4756
2009-09-15,1.4757
2009-09-16,1.4756
2009-09-17,1.4752
2009-09-18,1.4745
2009-09-19,1.4745
2009-09-20,1.4745
2009-09-21,1.4745
2009-09-22,1.4745
2009-09-23,1.4725
2009-09-24,1.4723
2009-09-25,1.4719
2009-09-26,1.4719
2009-09-27,1.4719
2009-09-28,1.471
2009-09-29,1.471
2009-09-30,1.4699
2009-10-01,1.4701
2009-10-02,1.4699
2009-10-03,1.4699
2009-10-04,1.4699
2009-10-05,1.4699
2009-10-06,1.4695
2009-10-07,1.4695
2009-10-08,1.4695
2009-10-09,1.4695
2009-10-10,1.4695
2009-10-11,1.4695
2009-10-12,1.4705
2009-10-13,1.4696
2009-10-14,1.4695
2009-10-15,1.4695
2009-10-16,1.4695
2009-10-17,1.4695
2009-10-18,1.4695
2009-10-19,1.4695
2009-10-20,1.4695
2009-10-21,1.4682
2009-10-22,1.4682
2009-10-23,1.4673
2009-10-24,1.4673
2009-10-25,1.4673
2009-10-26,1.4673
2009-10-27,1.4673
2009-10-28,1.4669
2009-10-29,1.4669
2009-10-30,1.4668
2009-10-31,1.4668
2009-11-01,1.4668
2009-11-02,1.4665
2009-11-03,1.4622
2009-11-04,1.4594
2009-11-05,1.4594
2009-11-06,1.4594
2009-11-07,1.4594
2009-11-08,1.4594
2009-11-09,1.452
2009-11-10,1.4519
2009-11-11,1.4516
2009-11-12,1.4516
2009-11-13,1.4516
2009-11-14,1.4516
2009-11-15,1.4516
2009-11-16,1.4506
2009-11-17,1.4506
2009-11-18,1.4506
2009-11-19,1.4501
2009-11-20,1.4501
2009-11-21,1.4501
2009-11-22,1.4501
2009-11-23,1.4501
2009-11-24,1.4501
2009-11-25,1.4501
2009-11-26,1.45
2009-11-27,1.45
2009-11-28,1.45
2009-11-29,1.45
2009-11-30,1.4496
2009-12-01,1.4496
2009-12-02,1.4496
2009-12-03,1.4496
2009-12-04,1.4496
2009-12-05,1.4496
2009-12-06,1.4496
2009-12-07,1.4494
2009-12-08,1.4482
2009-12-09,1.4481
2009-12-10,1.4461
2009-12-11,1.4461
2009-12-12,1.4461
2009-12-13,1.4461
2009-12-14,1.4461
2009-12-15,1.4461
2009-12-16,1.4461
2009-12-17,1.4454
2009-12-18,1.4454
2009-12-19,1.4454
2009-12-20,1.4454
2009-12-21,1.446
2009-12-22,1.4439
2009-12-23,1.4442
2009-12-24,1.4437
2009-12-25,1.4437
2009-12-26,1.4437
2009-12-27,1.4437
2009-12-28,1.4437
2009-12-29,1.4437
2009-12-30,1.4441
2009-12-31,1.4441
2010-01-01,1.4441
2010-01-02,1.4441
2010-01-03,1.4441
2010-01-04,1.4409
2010-01-05,1.4421
2010-01-06,1.4409
2010-01-07,1.4413
2010-01-08,1.4409
2010-01-09,1.4409
2010-01-10,1.4409
2010-01-11,1.4409
2010-01-12,1.441
2010-01-13,1.4415
2010-01-14,1.441
2010-01-15,1.4411
2010-01-16,1.4411
2010-01-17,1.4411
2010-01-18,1.4396
2010-01-19,1.4379
2010-01-20,1.4365
2010-01-21,1.4349
2010-01-22,1.4376
2010-01-23,1.4376
2010-01-24,1.4376
2010-01-25,1.4367
2010-01-26,1.4371
2010-01-27,1.4374
2010-01-28,1.4376
2010-01-29,1.4376
2010-01-30,1.4376
2010-01-31,1.4376
2010-02-01,1.4376
2010-02-02,1.4376
2010-02-03,1.4382
2010-02-04,1.4382
2010-02-05,1.4388
2010-02-06,1.4388
2010-02-07,1.4388
2010-02-08,1.439
2010-02-09,1.439
2010-02-10,1.4392
2010-02-11,1.4391
2010-02-12,1.4394
2010-02-13,1.4394
2010-02-14,1.4394
2010-02-15,1.4394
2010-02-16,1.4396
2010-02-17,1.4397
2010-02-18,1.4397
2010-02-19,1.4397
2010-02-20,1.4397
2010-02-21,1.4397
2010-02-22,1.4397
2010-02-23,1.4397
2010-02-24,1.4397
2010-02-25,1.4387
2010-02-26,1.4396
2010-02-27,1.4396
2010-02-28,1.4396
2010-03-01,1.4396
2010-03-02,1.4397
2010-03-03,1.4395
2010-03-04,1.4395
2010-03-05,1.4394
2010-03-06,1.4394
2010-03-07,1.4394
2010-03-08,1.4394
2010-03-09,1.4394
2010-03-10,1.4393
2010-03-11,1.4393
2010-03-12,1.4387
2010-03-13,1.4387
2010-03-14,1.4387
2010-03-15,1.4387
2010-03-16,1.4379
2010-03-17,1.4371
2010-03-18,1.4358
2010-03-19,1.4358
2010-03-20,1.4358
2010-03-21,1.4358
2010-03-22,1.4358
2010-03-23,1.4357
2010-03-24,1.4357
2010-03-25,1.4357
2010-03-26,1.4333
2010-03-27,1.4333
2010-03-28,1.4333
2010-03-29,1.4328
2010-03-30,1.4328
2010-03-31,1.4324
2010-04-01,1.4324
2010-04-02,1.4324
2010-04-03,1.4324
2010-04-04,1.4324
2010-04-05,1.4324
2010-04-06,1.4325
2010-04-07,1.4327
2010-04-08,1.4327
2010-04-09,1.4327
2010-04-10,1.4327
2010-04-11,1.4327
2010-04-12,1.4322
2010-04-13,1.4323
2010-04-14,1.4324
2010-04-15,1.4324
2010-04-16,1.4321
2010-04-17,1.4321
2010-04-18,1.4321
2010-04-19,1.432
2010-04-20,1.4325
2010-04-21,1.4321
2010-04-22,1.4316
2010-04-23,1.4317
2010-04-24,1.4317
2010-04-25,1.4317
2010-04-26,1.4313
2010-04-27,1.4302
2010-04-28,1.429
2010-04-29,1.4289
2010-04-30,1.4292
2010-05-01,1.4292
2010-05-02,1.4292
2010-05-03,1.4292
2010-05-04,1.4295
2010-05-05,1.4295
2010-05-06,1.4295
2010-05-07,1.4295
2010-05-08,1.4295
2010-05-09,1.4295
2010-05-10,1.4296
2010-05-11,1.4296
2010-05-12,1.4295
2010-05-13,1.4295
2010-05-14,1.4295
2010-05-15,1.4295
2010-05-16,1.4295
2010-05-17,1.4312
2010-05-18,1.431
2010-05-19,1.431
2010-05-20,1.4273
2010-05-21,1.4275
2010-05-22,1.4275
2010-05-23,1.4275
2010-05-24,1.4275
2010-05-25,1.4275
2010-05-26,1.4275
2010-05-27,1.428
2010-05-28,1.4278
2010-05-29,1.4278
2010-05-30,1.4278
2010-05-31,1.4278
2010-06-01,1.4272
2010-06-02,1.4293
2010-06-03,1.4293
2010-06-04,1.429
2010-06-05,1.429
2010-06-06,1.429
2010-06-07,1.4293
2010-06-08,1.4287
2010-06-09,1.4291
2010-06-10,1.4292
2010-06-11,1.4298
2010-06-12,1.4298
2010-06-13,1.4298
2010-06-14,1.4298
2010-06-15,1.4303
2010-06-16,1.4305
2010-06-17,1.4311
2010-06-18,1.4309
2010-06-19,1.4309
2010-06-20,1.4309
2010-06-21,1.4315
2010-06-22,1.4317
2010-06-23,1.4322
2010-06-24,1.433
2010-06-25,1.433
2010-06-26,1.433
2010-06-27,1.433
2010-06-28,1.4332
2010-06-29,1.4349
2010-06-30,1.4351
2010-07-01,1.4351
2010-07-02,1.4272
2010-07-03,1.4272
2010-07-04,1.4272
2010-07-05,1.4364
2010-07-06,1.4366
2010-07-07,1.4377
2010-07-08,1.4397
2010-07-09,1.4393
2010-07-10,1.4393
2010-07-11,1.4393
2010-07-12,1.4401
2010-07-13,1.4412
2010-07-14,1.4437
2010-07-15,1.4435
2010-07-16,1.4435
2010-07-17,1.4435
2010-07-18,1.4435
2010-07-19,1.4431
2010-07-20,1.4435
2010-07-21,1.4441
2010-07-22,1.4468
2010-07-23,1.4478
2010-07-24,1.4478
2010-07-25,1.4478
2010-07-26,1.4478
2010-07-27,1.4478
2010-07-28,1.4478
2010-07-29,1.4478
2010-07-30,1.4463
2010-07-31,1.4463
2010-08-01,1.4463
2010-08-02,1.4467
2010-08-03,1.4445
2010-08-04,1.4444
2010-08-05,1.4441
2010-08-06,1.4435
2010-08-07,1.4435
2010-08-08,1.4435
2010-08-09,1.4432
2010-08-10,1.4425
2010-08-11,1.4426
2010-08-12,1.4414
2010-08-13,1.4439
2010-08-14,1.4439
2010-08-15,1.4439
2010-08-16,1.4437
2010-08-17,1.4438
2010-08-18,1.4435
2010-08-19,1.4438
2010-08-20,1.4439
2010-08-21,1.4439
2010-08-22,1.4439
2010-08-23,1.4437
2010-08-24,1.4438
2010-08-25,1.4438
2010-08-26,1.4428
2010-08-27,1.4426
2010-08-28,1.4426
2010-08-29,1.4426
2010-08-30,1.4428
2010-08-31,1.4428
2010-09-01,1.4429
2010-09-02,1.4429
2010-09-03,1.4429
2010-09-04,1.4429
2010-09-05,1.4429
2010-09-06,1.4429
2010-09-07,1.443
2010-09-08,1.443
2010-09-09,1.4432
2010-09-10,1.4432
2010-09-11,1.4432
2010-09-12,1.4432
2010-09-13,1.4433
2010-09-14,1.4431
2010-09-15,1.4433
2010-09-16,1.4427
2010-09-17,1.4429
2010-09-18,1.4429
2010-09-19,1.4429
2010-09-20,1.4428
2010-09-21,1.4428
2010-09-22,1.4428
2010-09-23,1.4428
2010-09-24,1.4428
2010-09-25,1.4428
2010-09-26,1.4428
2010-09-27,1.4428
2010-09-28,1.4423
2010-09-29,1.4421
2010-09-30,1.4422
2010-10-01,1.4388
2010-10-02,1.4388
2010-10-03,1.4388
2010-10-04,1.439
2010-10-05,1.4401
2010-10-06,1.4384
2010-10-07,1.4384
2010-10-08,1.44
2010-10-09,1.44
2010-10-10,1.44
2010-10-11,1.4386
2010-10-12,1.4386
2010-10-13,1.4388
2010-10-14,1.4398
2010-10-15,1.4398
2010-10-16,1.4398
2010-10-17,1.4398
2010-10-18,1.4399
2010-10-19,1.4399
2010-10-20,1.4399
2010-10-21,1.4399
2010-10-22,1.4398
2010-10-23,1.4398
2010-10-24,1.4398
2010-10-25,1.4399
2010-10-26,1.4399
2010-10-27,1.4399
2010-10-28,1.44
2010-10-29,1.44
2010-10-30,1.44
2010-10-31,1.44
2010-11-01,1.4403
2010-11-02,1.4381
2010-11-03,1.4381
2010-11-04,1.4408
2010-11-05,1.4419
2010-11-06,1.4419
2010-11-07,1.4419
2010-11-08,1.4415
2010-11-09,1.4415
2010-11-10,1.4418
2010-11-11,1.4418
2010-11-12,1.4422
2010-11-13,1.4422
2010-11-14,1.4422
2010-11-15,1.4426
2010-11-16,1.4426
2010-11-17,1.4428
2010-11-18,1.443
2010-11-19,1.443
2010-11-20,1.443
2010-11-21,1.443
2010-11-22,1.4435
2010-11-23,1.4446
2010-11-24,1.4451
2010-11-25,1.4451
2010-11-26,1.443
2010-11-27,1.443
2010-11-28,1.443
2010-11-29,1.4466
2010-11-30,1.4473
2010-12-01,1.4478
2010-12-02,1.449
2010-12-03,1.449
2010-12-04,1.449
2010-12-05,1.449
2010-12-06,1.4495
2010-12-07,1.4495
2010-12-08,1.4492
2010-12-09,1.4492
2010-12-10,1.4511
2010-12-11,1.4511
2010-12-12,1.4511
2010-12-13,1.4511
2010-12-14,1.4514
2010-12-15,1.4538
2010-12-16,1.4573
2010-12-17,1.4573
2010-12-18,1.4573
2010-12-19,1.4573
2010-12-20,1.4612
2010-12-21,1.46
2010-12-22,1.4638
2010-12-23,1.4639
2010-12-24,1.4647
2010-12-25,1.4647
2010-12-26,1.4647
2010-12-27,1.4647
2010-12-28,1.4647
2010-12-29,1.4656
2010-12-30,1.4656
2010-12-31,1.4656
2011-01-01,1.4656
2011-01-02,1.4656
2011-01-03,1.4656
2011-01-04,1.4687
2011-01-05,1.4695
2011-01-06,1.4706
2011-01-07,1.4708
2011-01-08,1.4708
2011-01-09,1.4708
2011-01-10,1.4708
2011-01-11,1.4717
2011-01-12,1.4713
2011-01-13,1.4717
2011-01-14,1.4753
2011-01-15,1.4753
2011-01-16,1.4753
2011-01-17,1.4753
2011-01-18,1.4771
2011-01-19,1.4771
2011-01-20,1.4771
2011-01-21,1.4786
2011-01-22,1.4786
2011-01-23,1.4786
2011-01-24,1.485
2011-01-25,1.4855
2011-01-26,1.4913
2011-01-27,1.495
2011-01-28,1.4959
2011-01-29,1.4959
2011-01-30,1.4959
2011-01-31,1.4963
2011-02-01,1.5013
2011-02-02,1.5108
2011-02-03,1.5204
2011-02-04,1.5362
2011-02-05,1.5362
2011-02-06,1.5362
2011-02-07,1.5362
2011-02-08,1.5362
2011-02-09,1.5362
2011-02-10,1.5344
2011-02-11,1.5339
2011-02-12,1.5339
2011-02-13,1.5339
2011-02-14,1.5339
2011-02-15,1.5337
2011-02-16,1.5319
2011-02-17,1.5316
2011-02-18,1.5281
2011-02-19,1.5281
2011-02-20,1.5281
2011-02-21,1.5281
2011-02-22,1.529
2011-02-23,1.529
2011-02-24,1.529
2011-02-25,1.529
2011-02-26,1.529
2011-02-27,1.529
2011-02-28,1.529
2011-03-01,1.529
2011-03-02,1.529
2011-03-03,1.529
2011-03-04,1.5293
2011-03-05,1.5293
2011-03-06,1.5293
2011-03-07,1.5293
2011-03-08,1.5295
2011-03-09,1.5295
2011-03-10,1.5295
2011-03-11,1.5299
2011-03-12,1.5299
2011-03-13,1.5299
2011-03-14,1.5304
2011-03-15,1.5304
2011-03-16,1.5308
2011-03-17,1.5305
2011-03-18,1.5314
2011-03-19,1.5314
2011-03-20,1.5314
2011-03-21,1.5595
2011-03-22,1.5329
2011-03-23,1.5338
2011-03-24,1.5352
2011-03-25,1.5352
2011-03-26,1.5352
2011-03-27,1.5352
2011-03-28,1.5355
2011-03-29,1.5359
2011-03-30,1.5359
2011-03-31,1.5359
2011-04-01,1.5357
2011-04-02,1.5357
2011-04-03,1.5357
2011-04-04,1.5357
2011-04-05,1.5331
2011-04-06,1.5331
2011-04-07,1.5401
2011-04-08,1.5401
2011-04-09,1.5401
2011-04-10,1.5401
2011-04-11,1.5392
2011-04-12,1.5389
2011-04-13,1.5383
2011-04-14,1.5383
2011-04-15,1.5381
2011-04-16,1.5381
2011-04-17,1.5381
2011-04-18,1.5404
2011-04-19,1.5404
2011-04-20,1.5406
2011-04-21,1.5406
2011-04-22,1.5406
2011-04-23,1.5406
2011-04-24,1.5406
2011-04-25,1.5406
2011-04-26,1.5395
2011-04-27,1.5392
2011-04-28,1.5374
2011-04-29,1.5281
2011-04-30,1.5281
2011-05-01,1.5281
2011-05-02,1.5281
2011-05-03,1.5277
2011-05-04,1.5264
2011-05-05,1.5243
2011-05-06,1.5253
2011-05-07,1.5253
2011-05-08,1.5253
2011-05-09,1.5242
2011-05-10,1.5242
2011-05-11,1.5242
2011-05-12,1.5242
2011-05-13,1.5242
2011-05-14,1.5242
2011-05-15,1.5242
2011-05-16,1.5242
2011-05-17,1.5242
2011-05-18,1.521
2011-05-19,1.521
2011-05-20,1.521
2011-05-21,1.521
2011-05-22,1.521
2011-05-23,1.5218
2011-05-24,1.5218
2011-05-25,1.5218
2011-05-26,1.5215
2011-05-27,1.5215
2011-05-28,1.5215
2011-05-29,1.5215
2011-05-30,1.521
2011-05-31,1.521
2011-06-01,1.5211
2011-06-02,1.5212
2011-06-03,1.5215
2011-06-04,1.5215
2011-06-05,1.5215
2011-06-06,1.5215
2011-06-07,1.5215
2011-06-08,1.5215
2011-06-09,1.5216
2011-06-10,1.5215
2011-06-11,1.5215
2011-06-12,1.5215
2011-06-13,1.5215
2011-06-14,1.5215
2011-06-15,1.5217
2011-06-16,1.5217
2011-06-17,1.5222
2011-06-18,1.5222
2011-06-19,1.5222
2011-06-20,1.5224
2011-06-21,1.5224
2011-06-22,1.5224
2011-06-23,1.5224
2011-06-24,1.5224
2011-06-25,1.5224
2011-06-26,1.5224
2011-06-27,1.5224
2011-06-28,1.5224
2011-06-29,1.5224
2011-06-30,1.5224
2011-07-01,1.5224
2011-07-02,1.5224
2011-07-03,1.5224
2011-07-04,1.5213
2011-07-05,1.5213
2011-07-06,1.5213
2011-07-07,1.5222
2011-07-08,1.5229
2011-07-09,1.5229
2011-07-10,1.5229
2011-07-11,1.5229
2011-07-12,1.5229
2011-07-13,1.5229
2011-07-14,1.5229
2011-07-15,1.5229
2011-07-16,1.5229
2011-07-17,1.5229
2011-07-18,1.5229
2011-07-19,1.5229
2011-07-20,1.5229
2011-07-21,1.5229
2011-07-22,1.5229
2011-07-23,1.5229
2011-07-24,1.5229
2011-07-25,1.5229
2011-07-26,1.5229
2011-07-27,1.5229
2011-07-28,1.5229
2011-07-29,1.5229
2011-07-30,1.5229
2011-07-31,1.5229
2011-08-01,1.522
2011-08-02,1.522
2011-08-03,1.5224
2011-08-04,1.5224
2011-08-05,1.5224
2011-08-06,1.5224
2011-08-07,1.5224
2011-08-08,1.5224
2011-08-09,1.5224
2011-08-10,1.5229
2011-08-11,1.5238
2011-08-12,1.5238
2011-08-13,1.5238
2011-08-14,1.5238
2011-08-15,1.5238
2011-08-16,1.5238
2011-08-17,1.5254
2011-08-18,1.5254
2011-08-19,1.5266
2011-08-20,1.5266
2011-08-21,1.5266
2011-08-22,1.5266
2011-08-23,1.528
2011-08-24,1.529
2011-08-25,1.5291
2011-08-26,1.529
2011-08-27,1.529
2011-08-28,1.529
2011-08-29,1.5274
2011-08-30,1.5274
2011-08-31,1.5274
2011-09-01,1.5278
2011-09-02,1.5278
2011-09-03,1.5278
2011-09-04,1.5278
2011-09-05,1.5278
2011-09-06,1.53
2011-09-07,1.53
2011-09-08,1.5305
2011-09-09,1.5305
2011-09-10,1.5305
2011-09-11,1.5305
2011-09-12,1.5314
2011-09-13,1.5327
2011-09-14,1.5327
2011-09-15,1.5364
2011-09-16,1.5364
2011-09-17,1.5364
2011-09-18,1.5364
2011-09-19,1.5435
2011-09-20,1.5436
2011-09-21,1.5436
2011-09-22,1.5431
2011-09-23,1.5436
2011-09-24,1.5436
2011-09-25,1.5436
2011-09-26,1.546
2011-09-27,1.5474
2011-09-28,1.5474
2011-09-29,1.5496
2011-09-30,1.5492
2011-10-01,1.5492
2011-10-02,1.5492
2011-10-03,1.5492
2011-10-04,1.5501
2011-10-05,1.5545
2011-10-06,1.5545
2011-10-07,1.555
2011-10-08,1.555
2011-10-09,1.555
2011-10-10,1.5545
2011-10-11,1.5611
2011-10-12,1.562
2011-10-13,1.563
2011-10-14,1.563
2011-10-15,1.563
2011-10-16,1.563
2011-10-17,1.5652
2011-10-18,1.5689
2011-10-19,1.5698
2011-10-20,1.5698
2011-10-21,1.5698
2011-10-22,1.5698
2011-10-23,1.5698
2011-10-24,1.5698
2011-10-25,1.5746
2011-10-26,1.5737
2011-10-27,1.5728
2011-10-28,1.5726
2011-10-29,1.5726
2011-10-30,1.5726
2011-10-31,1.5739
2011-11-01,1.5739
2011-11-02,1.5739
2011-11-03,1.5739
2011-11-04,1.5739
2011-11-05,1.5739
2011-11-06,1.5739
2011-11-07,1.5739
2011-11-08,1.5739
2011-11-09,1.5739
2011-11-10,1.5748
2011-11-11,1.5753
2011-11-12,1.5753
2011-11-13,1.5753
2011-11-14,1.5757
2011-11-15,1.5757
2011-11-16,1.5775
2011-11-17,1.578
2011-11-18,1.5775
2011-11-19,1.5775
2011-11-20,1.5775
2011-11-21,1.5775
2011-11-22,1.5775
2011-11-23,1.5814
2011-11-24,1.5814
2011-11-25,1.5814
2011-11-26,1.5814
2011-11-27,1.5814
2011-11-28,1.5818
2011-11-29,1.5818
2011-11-30,1.5859
2011-12-01,1.5913
2011-12-02,0.0
2011-12-03,0.0
2011-12-04,0.0
2011-12-05,1.5913
2011-12-06,1.5918
2011-12-07,1.5905
2011-12-08,1.5905
2011-12-09,1.5909
2011-12-10,1.5909
2011-12-11,1.5909
2011-12-12,1.5914
2011-12-13,1.6029
2011-12-14,1.6024
2011-12-15,1.602
2011-12-16,1.602
2011-12-17,1.602
2011-12-18,1.602
2011-12-19,1.6024
2011-12-20,1.6024
2011-12-21,1.6024
2011-12-22,1.6024
2011-12-23,1.6024
2011-12-24,1.6024
2011-12-25,1.6024
2011-12-26,1.6024
2011-12-27,1.6024
2011-12-28,1.6024
2011-12-29,1.6024
2011-12-30,1.6024
2011-12-31,1.6024
2012-01-01,1.6024
2012-01-02,1.6024
2012-01-03,1.6024
2012-01-04,1.6024
2012-01-05,1.6042
2012-01-06,1.6063
2012-01-07,1.6063
2012-01-08,1.6063
2012-01-09,1.6067
2012-01-10,1.6067
2012-01-11,1.6072
2012-01-12,1.6076
2012-01-13,1.6099
2012-01-14,1.6099
2012-01-15,1.6099
2012-01-16,1.6099
2012-01-17,1.6122
2012-01-18,1.6131
2012-01-19,1.6158
2012-01-20,1.6167
2012-01-21,1.6167
2012-01-22,1.6167
2012-01-23,1.6301
2012-01-24,1.6402
2012-01-25,1.6853
2012-01-26,1.6886
2012-01-27,1.6847
2012-01-28,1.6847
2012-01-29,1.6847
2012-01-30,1.6839
2012-01-31,1.6822
2012-02-01,1.6822
2012-02-02,1.6812
2012-02-03,1.6819
2012-02-04,1.6819
2012-02-05,1.6819
2012-02-06,1.681
2012-02-07,1.6801
2012-02-08,1.6807
2012-02-09,1.6815
2012-02-10,1.6815
2012-02-11,1.6815
2012-02-12,1.6815
2012-02-13,1.6848
2012-02-14,1.6851
2012-02-15,1.6857
2012-02-16,1.6875
2012-02-17,1.6914
2012-02-18,1.6914
2012-02-19,1.6914
2012-02-20,1.6918
2012-02-21,1.6931
2012-02-22,1.6935
2012-02-23,1.6951
2012-02-24,1.6958
2012-02-25,1.6958
2012-02-26,1.6958
2012-02-27,1.6962
2012-02-28,1.6966
2012-02-29,1.6958
2012-03-01,1.6961
2012-03-02,1.6962
2012-03-03,1.6962
2012-03-04,1.6962
2012-03-05,1.6976
2012-03-06,1.6976
2012-03-07,1.698
2012-03-08,1.6991
2012-03-09,1.7
2012-03-10,1.7
2012-03-11,1.7
2012-03-12,1.7014
2012-03-13,1.7032
2012-03-14,1.7035
2012-03-15,1.7075
2012-03-16,1.7095
2012-03-17,1.7095
2012-03-18,1.7095
2012-03-19,1.7125
2012-03-20,1.7206
2012-03-21,1.7249
2012-03-22,1.7283
2012-03-23,1.7353
2012-03-24,1.7353
2012-03-25,1.7353
2012-03-26,1.7345
2012-03-27,1.737
2012-03-28,1.7463
2012-03-29,1.7468
2012-03-30,1.7479
2012-03-31,1.7479
2012-04-01,1.7479
2012-04-02,1.7484
2012-04-03,1.747
2012-04-04,1.7488
2012-04-05,1.7491
2012-04-06,1.7491
2012-04-07,1.7491
2012-04-08,1.7491
2012-04-09,1.7491
2012-04-10,1.7503
2012-04-11,1.7535
2012-04-12,1.7597
2012-04-13,1.7645
2012-04-14,1.7645
2012-04-15,1.7645
2012-04-16,1.7674
2012-04-17,1.771
2012-04-18,1.7736
2012-04-19,1.7786
2012-04-20,1.7801
2012-04-21,1.7801
2012-04-22,1.7801
2012-04-23,1.7857
2012-04-24,1.7933
2012-04-25,1.8012
2012-04-26,1.804
2012-04-27,1.8072
2012-04-28,1.8072
2012-04-29,1.8072
2012-04-30,1.8148
2012-05-01,1.8148
2012-05-02,1.8125
2012-05-03,1.8134
2012-05-04,1.8138
2012-05-05,1.8138
2012-05-06,1.8138
2012-05-07,1.8164
2012-05-08,1.8276
2012-05-09,1.8329
2012-05-10,1.8349
2012-05-11,1.8433
2012-05-12,1.8433
2012-05-13,1.8433
2012-05-14,1.8474
2012-05-15,1.8485
2012-05-16,1.8541
2012-05-17,1.8597
2012-05-18,1.8663
2012-05-19,1.8663
2012-05-20,1.8663
2012-05-21,1.8682
2012-05-22,1.87
2012-05-23,1.8719
2012-05-24,1.8719
2012-05-25,1.8719
2012-05-26,1.8719
2012-05-27,1.8719
2012-05-28,1.8812
2012-05-29,1.8834
2012-05-30,1.8814
2012-05-31,1.8891
2012-06-01,1.8936
2012-06-02,1.8936
2012-06-03,1.8936
2012-06-04,1.8925
2012-06-05,1.8943
2012-06-06,1.8953
2012-06-07,1.896
2012-06-08,1.8983
2012-06-09,1.8983
2012-06-10,1.8983
2012-06-11,1.8949
2012-06-12,1.8948
2012-06-13,1.8964
2012-06-14,0.0
2012-06-15,1.9001
2012-06-16,1.9001
2012-06-17,1.9001
2012-06-18,1.9003
2012-06-19,1.9124
2012-06-20,1.9124
2012-06-21,1.9123
2012-06-22,1.9114
2012-06-23,1.9114
2012-06-24,1.9114
2012-06-25,1.9139
2012-06-26,1.9084
2012-06-27,1.9157
2012-06-28,1.917
2012-06-29,1.917
2012-06-30,1.917
2012-07-01,1.917
2012-07-02,1.917
2012-07-03,1.9195
2012-07-04,1.9209
2012-07-05,1.9256
2012-07-06,1.9255
2012-07-07,1.9255
2012-07-08,1.9255
2012-07-09,1.9263
2012-07-10,1.927
2012-07-11,1.9277
2012-07-12,1.9283
2012-07-13,1.9317
2012-07-14,1.9317
2012-07-15,1.9317
2012-07-16,1.9318
2012-07-17,1.9338
2012-07-18,1.9358
2012-07-19,1.9364
2012-07-20,1.9377
2012-07-21,1.9377
2012-07-22,1.9377
2012-07-23,1.9386
2012-07-24,1.9387
2012-07-25,1.9381
2012-07-26,1.9395
2012-07-27,1.9405
2012-07-28,1.9405
2012-07-29,1.9405
2012-07-30,1.9405
2012-07-31,1.9411
2012-08-01,1.941
2012-08-02,1.9412
2012-08-03,1.9423
2012-08-04,1.9423
2012-08-05,1.9423
2012-08-06,1.9427
2012-08-07,1.9422
2012-08-08,1.9427
2012-08-09,1.9431
2012-08-10,1.9431
2012-08-11,1.9431
2012-08-12,1.9431
2012-08-13,1.9437
2012-08-14,1.946
2012-08-15,1.946
2012-08-16,1.9451
2012-08-17,1.9445
2012-08-18,1.9445
2012-08-19,1.9445
2012-08-20,1.9445
2012-08-21,1.9445
2012-08-22,1.944
2012-08-23,1.9445
2012-08-24,1.9436
2012-08-25,1.9436
2012-08-26,1.9436
2012-08-27,1.9427
2012-08-28,1.9402
2012-08-29,1.9396
2012-08-30,1.9372
2012-08-31,1.9374
2012-09-01,1.9374
2012-09-02,1.9374
2012-09-03,1.9363
2012-09-04,1.9363
2012-09-05,1.9368
2012-09-06,1.9363
2012-09-07,1.9347
2012-09-08,1.9347
2012-09-09,1.9347
2012-09-10,1.9322
2012-09-11,1.9283
2012-09-12,1.9238
2012-09-13,1.9216
2012-09-14,1.9195
2012-09-15,1.9195
2012-09-16,1.9195
2012-09-17,1.919
2012-09-18,1.9181
2012-09-19,1.9165
2012-09-20,1.9164
2012-09-21,1.9164
2012-09-22,1.9164
2012-09-23,1.9164
2012-09-24,1.9186
2012-09-25,1.9204
2012-09-26,1.921
2012-09-27,1.9208
2012-09-28,1.9188
2012-09-29,1.9188
2012-09-30,1.9188
2012-10-01,1.9175
2012-10-02,1.9164
2012-10-03,1.9162
2012-10-04,1.9161
2012-10-05,1.9161
2012-10-06,1.9161
2012-10-07,1.9161
2012-10-08,1.9156
2012-10-09,1.9147
2012-10-10,1.9124
2012-10-11,1.9105
2012-10-12,1.9104
2012-10-13,1.9104
2012-10-14,1.9104
2012-10-15,1.9104
2012-10-16,1.9106
2012-10-17,1.9097
2012-10-18,1.9097
2012-10-19,1.9092
2012-10-20,1.9092
2012-10-21,1.9092
2012-10-22,1.9042
2012-10-23,1.904
2012-10-24,1.9005
2012-10-25,1.8995
2012-10-26,1.8995
2012-10-27,1.8995
2012-10-28,1.8995
2012-10-29,1.8985
2012-10-30,1.8967
2012-10-31,1.8949
2012-11-01,1.894
2012-11-02,1.8964
2012-11-03,1.8964
2012-11-04,1.8964
2012-11-05,1.896
2012-11-06,1.8955
2012-11-07,1.8887
2012-11-08,1.8883
2012-11-09,1.8875
2012-11-10,1.8875
2012-11-11,1.8875
2012-11-12,1.8886
2012-11-13,1.8917
2012-11-14,1.8917
2012-11-15,1.8915
2012-11-16,1.8917
2012-11-17,1.8917
2012-11-18,1.8917
2012-11-19,1.8917
2012-11-20,1.8915
2012-11-21,1.8915
2012-11-22,1.8938
2012-11-23,1.8947
2012-11-24,1.8947
2012-11-25,1.8947
2012-11-26,1.8958
2012-11-27,1.897
2012-11-28,1.8985
2012-11-29,1.9009
2012-11-30,1.9021
2012-12-01,1.9021
2012-12-02,1.9021
2012-12-03,1.9023
2012-12-04,1.9012
2012-12-05,1.9006
2012-12-06,1.8987
2012-12-07,1.8987
2012-12-08,1.8987
2012-12-09,1.8987
2012-12-10,1.8979
2012-12-11,1.8979
2012-12-12,1.8994
2012-12-13,1.9001
2012-12-14,1.8995
2012-12-15,1.8995
2012-12-16,1.8995
2012-12-17,1.8989
2012-12-18,1.8999
2012-12-19,1.9002
2012-12-20,1.9005
2012-12-21,1.901
2012-12-22,1.901
2012-12-23,1.901
2012-12-24,1.901
2012-12-25,1.901
2012-12-26,1.901
2012-12-27,1.9011
2012-12-28,1.9007
2012-12-29,1.9007
2012-12-30,1.9007
2012-12-31,1.9012
2013-01-01,1.9012
2013-01-02,1.9022
2013-01-03,1.9045
2013-01-04,1.9057
2013-01-05,1.9057
2013-01-06,1.9057
2013-01-07,1.9055
2013-01-08,1.9049
2013-01-09,1.9048
2013-01-10,1.9044
2013-01-11,1.9036
2013-01-12,1.9036
2013-01-13,1.9036
2013-01-14,1.9036
2013-01-15,1.8917
2013-01-16,1.9013
2013-01-17,1.9014
2013-01-18,1.9026
2013-01-19,1.9026
2013-01-20,1.9026
2013-01-21,1.9071
2013-01-22,1.9071
2013-01-23,1.9081
2013-01-24,1.9069
2013-01-25,1.9072
2013-01-26,1.9072
2013-01-27,1.9072
2013-01-28,1.9064
2013-01-29,1.907
2013-01-30,1.901
2013-01-31,1.9016
2013-02-01,1.9048
2013-02-02,1.9048
2013-02-03,1.9048
2013-02-04,1.9039
2013-02-05,1.907
2013-02-06,1.9073
2013-02-07,1.9063
2013-02-08,1.9075
2013-02-09,1.9075
2013-02-10,1.9075
2013-02-11,1.9093
2013-02-12,1.9052
2013-02-13,1.9018
2013-02-14,1.9031
2013-02-15,1.9041
2013-02-16,1.9041
2013-02-17,1.9041
2013-02-18,1.9046
2013-02-19,1.9046
2013-02-20,1.9007
2013-02-21,1.9049
2013-02-22,1.9032
2013-02-23,1.9032
2013-02-24,1.9032
2013-02-25,1.9077
2013-02-26,1.9123
2013-02-27,1.9104
2013-02-28,1.9124
2013-03-01,1.9156
2013-03-02,1.9156
2013-03-03,1.9156
2013-03-04,1.9104
2013-03-05,1.9223
2013-03-06,1.9223
2013-03-07,1.918
2013-03-08,1.9163
2013-03-09,1.9163
2013-03-10,1.9163
2013-03-11,1.9131
2013-03-12,1.9161
2013-03-13,1.9204
2013-03-14,1.9263
2013-03-15,1.9279
2013-03-16,1.9279
2013-03-17,1.9279
2013-03-18,1.9339
2013-03-19,1.9284
2013-03-20,1.9295
2013-03-21,1.9298
2013-03-22,1.9343
2013-03-23,1.9343
2013-03-24,1.9343
2013-03-25,1.9309
2013-03-26,1.9335
2013-03-27,1.9357
2013-03-28,1.9398
2013-03-29,1.9398
2013-03-30,1.9398
2013-03-31,1.9398
2013-04-01,1.9398
2013-04-02,1.9402
2013-04-03,1.9407
2013-04-04,1.9427
2013-04-05,1.9363
2013-04-06,1.9363
2013-04-07,1.9363
2013-04-08,1.944
2013-04-09,1.9328
2013-04-10,1.9444
2013-04-11,1.9413
2013-04-12,1.9473
2013-04-13,1.9473
2013-04-14,1.9473
2013-04-15,1.936
2013-04-16,1.9394
2013-04-17,1.9484
2013-04-18,1.9413
2013-04-19,1.9496
2013-04-20,1.9496
2013-04-21,1.9496
2013-04-22,1.9427
2013-04-23,1.9473
2013-04-24,1.952
2013-04-25,1.9586
2013-04-26,1.961
2013-04-27,1.961
2013-04-28,1.961
2013-04-29,1.9706
2013-04-30,1.9686
2013-05-01,1.9686
2013-05-02,1.9599
2013-05-03,1.9583
2013-05-04,1.9583
2013-05-05,1.9583
2013-05-06,1.9505
2013-05-07,1.9469
2013-05-08,1.9714
2013-05-09,1.9642
2013-05-10,1.9796
2013-05-11,1.9796
2013-05-12,1.9796
2013-05-13,1.96
2013-05-14,1.9555
2013-05-15,1.9407
2013-05-16,1.9404
2013-05-17,1.9531
2013-05-18,1.9531
2013-05-19,1.9531
2013-05-20,1.9646
2013-05-21,1.9695
2013-05-22,1.9601
2013-05-23,1.9693
2013-05-24,1.9719
2013-05-25,1.9719
2013-05-26,1.9719
2013-05-27,1.9719
2013-05-28,1.9824
2013-05-29,1.966
2013-05-30,1.9729
2013-05-31,1.9735
2013-06-01,1.9735
2013-06-02,1.9735
2013-06-03,1.9892
2013-06-04,1.9757
2013-06-05,1.9766
2013-06-06,1.9769
2013-06-07,1.9834
2013-06-08,1.9834
2013-06-09,1.9834
2013-06-10,1.9843
2013-06-11,1.9789
2013-06-12,1.987
2013-06-13,1.9807
2013-06-14,1.987
2013-06-15,1.987
2013-06-16,1.987
2013-06-17,1.9905
2013-06-18,1.9827
2013-06-19,2.0033
2013-06-20,1.9829
2013-06-21,1.995
2013-06-22,1.995
2013-06-23,1.995
2013-06-24,1.9832
2013-06-25,2.0043
2013-06-26,1.9893
2013-06-27,1.9897
2013-06-28,1.9895
2013-06-29,1.9895
2013-06-30,1.9895
2013-07-01,1.9895
2013-07-02,1.9901
2013-07-03,1.9901
2013-07-04,2.0058
2013-07-05,2.0058
2013-07-06,2.0058
2013-07-07,2.0058
2013-07-08,1.9905
2013-07-09,1.9903
2013-07-10,1.991
2013-07-11,1.9873
2013-07-12,1.9913
2013-07-13,1.9913
2013-07-14,1.9913
2013-07-15,1.9919
2013-07-16,1.9921
2013-07-17,1.9915
2013-07-18,1.9921
2013-07-19,1.9925
2013-07-20,1.9925
2013-07-21,1.9925
2013-07-22,1.9919
2013-07-23,1.992
2013-07-24,1.992
2013-07-25,1.9926
2013-07-26,1.99
2013-07-27,1.99
2013-07-28,1.99
2013-07-29,1.992
2013-07-30,1.992
2013-07-31,1.9937
2013-08-01,1.992
2013-08-02,1.9931
2013-08-03,1.9931
2013-08-04,1.9931
2013-08-05,2.014
2013-08-06,1.9934
2013-08-07,2.0194
2013-08-08,2.0194
2013-08-09,1.9941
2013-08-10,1.9941
2013-08-11,1.9941
2013-08-12,1.9942
2013-08-13,1.9943
2013-08-14,1.9952
2013-08-15,1.9953
2013-08-16,1.9953
2013-08-17,1.9953
2013-08-18,1.9953
2013-08-19,1.9954
2013-08-20,1.9959
2013-08-21,1.996
2013-08-22,1.9963
2013-08-23,1.9965
2013-08-24,1.9965
2013-08-25,1.9965
2013-08-26,1.9965
2013-08-27,1.9968
2013-08-28,1.9975
2013-08-29,1.9971
2013-08-30,1.9978
2013-08-31,1.9978
2013-09-01,1.9978
2013-09-02,1.9973
2013-09-03,1.9973
2013-09-04,1.9975
2013-09-05,1.9981
2013-09-06,1.9976
2013-09-07,1.9976
2013-09-08,1.9976
2013-09-09,1.999
2013-09-10,1.9984
2013-09-11,1.9987
2013-09-12,1.9989
2013-09-13,1.9989
2013-09-14,1.9989
2013-09-15,1.9989
2013-09-16,1.9994
2013-09-17,1.9994
2013-09-18,1.9994
2013-09-19,2.0004
2013-09-20,1.9998
2013-09-21,1.9998
2013-09-22,1.9998
2013-09-23,1.9998
2013-09-24,1.9998
2013-09-25,1.9998
2013-09-26,2.0
2013-09-27,2.0
2013-09-28,2.0
2013-09-29,2.0
2013-09-30,2.0
2013-10-01,2.0
2013-10-02,2.0
2013-10-03,2.0002
2013-10-04,2.0002
2013-10-05,2.0002
2013-10-06,2.0002
2013-10-07,2.0002
2013-10-08,2.0002
2013-10-09,2.0003
2013-10-10,2.0003
2013-10-11,0.0
2013-10-12,0.0
2013-10-13,0.0
2013-10-14,2.0003
2013-10-15,2.0003
2013-10-16,2.0003
2013-10-17,2.0004
2013-10-18,2.0009
2013-10-19,2.0009
2013-10-20,2.0009
2013-10-21,2.0012
2013-10-22,2.0031
2013-10-23,2.0076
2013-10-24,2.0083
2013-10-25,2.0139
2013-10-26,2.0139
2013-10-27,2.0139
2013-10-28,2.0145
2013-10-29,2.0169
2013-10-30,2.0221
2013-10-31,2.0268
2013-11-01,2.0333
2013-11-02,2.0333
2013-11-03,2.0333
2013-11-04,2.0388
2013-11-05,2.0418
2013-11-06,2.0501
2013-11-07,2.0465
2013-11-08,2.0543
2013-11-09,2.0543
2013-11-10,2.0543
2013-11-11,2.0555
2013-11-12,2.0555
2013-11-13,2.058
2013-11-14,2.0583
2013-11-15,2.0637
2013-11-16,2.0637
2013-11-17,2.0637
2013-11-18,2.0658
2013-11-19,2.0672
2013-11-20,2.0695
2013-11-21,2.072
2013-11-22,2.0733
2013-11-23,2.0733
2013-11-24,2.0733
2013-11-25,2.0762
2013-11-26,2.079
2013-11-27,2.0814
2013-11-28,2.083
2013-11-29,2.083
2013-11-30,2.083
2013-12-01,2.083
2013-12-02,2.0927
2013-12-03,2.0924
2013-12-04,2.0924
2013-12-05,2.0925
2013-12-06,2.0925
2013-12-07,2.0925
2013-12-08,2.0925
2013-12-09,2.092
2013-12-10,2.0915
2013-12-11,2.0913
2013-12-12,2.0913
2013-12-13,2.0918
2013-12-14,2.0918
2013-12-15,2.0918
2013-12-16,2.0918
2013-12-17,2.091
2013-12-18,2.0915
2013-12-19,2.1013
2013-12-20,2.1098
2013-12-21,2.1098
2013-12-22,2.1098
2013-12-23,2.1363
2013-12-24,2.1599
2013-12-25,2.1599
2013-12-26,2.1599
2013-12-27,2.1599
2013-12-28,2.1599
2013-12-29,2.1599
2013-12-30,2.1594
2013-12-31,2.1628
2014-01-01,2.1628
2014-01-02,2.2113
2014-01-03,2.2113
2014-01-04,2.2113
2014-01-05,2.2113
2014-01-06,2.2394
2014-01-07,2.2445
2014-01-08,2.251
2014-01-09,2.251
2014-01-10,2.2665
2014-01-11,2.2665
2014-01-12,2.2665
2014-01-13,2.2664
2014-01-14,2.27
2014-01-15,2.2913
2014-01-16,2.2958
2014-01-17,2.2963
2014-01-18,2.2963
2014-01-19,2.2963
2014-01-20,2.2973
2014-01-21,2.2973
2014-01-22,2.3013
2014-01-23,2.3163
2014-01-24,2.3188
2014-01-25,2.3188
2014-01-26,2.3188
2014-01-27,2.3252
2014-01-28,2.3252
2014-01-29,2.3252
2014-01-30,2.3865
2014-01-31,2.4
2014-02-01,2.4
2014-02-02,2.4
2014-02-03,2.4
2014-02-04,2.4056
2014-02-05,2.4156
2014-02-06,2.4175
2014-02-07,2.4191
2014-02-08,2.4191
2014-02-09,2.4191
2014-02-10,2.427
2014-02-11,2.4203
2014-02-12,2.4255
2014-02-13,2.4359
2014-02-14,2.4359
2014-02-15,2.4359
2014-02-16,2.4359
2014-02-17,2.4348
2014-02-18,2.4348
2014-02-19,2.4412
2014-02-20,2.4447
2014-02-21,2.4577
2014-02-22,2.4577
2014-02-23,2.4577
2014-02-24,2.505
2014-02-25,2.505
2014-02-26,2.5074
2014-02-27,2.5189
2014-02-28,2.5244
2014-03-01,2.5244
2014-03-02,2.5244
2014-03-03,2.5268
2014-03-04,2.5279
2014-03-05,2.5295
2014-03-06,2.5295
2014-03-07,2.5312
2014-03-08,2.5312
2014-03-09,2.5312
2014-03-10,2.5383
2014-03-11,2.5429
2014-03-12,2.5468
2014-03-13,2.5495
2014-03-14,2.5532
2014-03-15,2.5532
2014-03-16,2.5532
2014-03-17,2.5629
2014-03-18,2.5698
2014-03-19,2.5721
2014-03-20,2.5845
2014-03-21,2.6206
2014-03-22,2.6206
2014-03-23,2.6206
2014-03-24,2.6264
2014-03-25,2.6438
2014-03-26,2.6472
2014-03-27,2.6526
2014-03-28,2.6738
2014-03-29,2.6738
2014-03-30,2.6738
2014-03-31,2.6813
2014-04-01,2.6876
2014-04-02,2.6885
2014-04-03,2.7009
2014-04-04,2.6981
2014-04-05,2.6981
2014-04-06,2.6981
2014-04-07,2.6955
2014-04-08,2.699
2014-04-09,2.7113
2014-04-10,2.7143
2014-04-11,2.7495
2014-04-12,2.7495
2014-04-13,2.7495
2014-04-14,2.7468
2014-04-15,2.7474
2014-04-16,2.7491
2014-04-17,2.7596
2014-04-18,2.7596
2014-04-19,2.7596
2014-04-20,2.7596
2014-04-21,2.7596
2014-04-22,2.77
2014-04-23,2.7755
2014-04-24,2.7788
2014-04-25,2.7832
2014-04-26,2.7832
2014-04-27,2.7832
2014-04-28,2.7848
2014-04-29,2.7883
2014-04-30,2.7952
2014-05-01,2.7952
2014-05-02,2.7963
2014-05-03,2.7963
2014-05-04,2.7963
2014-05-05,2.7963
2014-05-06,2.8131
2014-05-07,2.8155
2014-05-08,2.8353
2014-05-09,2.8508
2014-05-10,2.8508
2014-05-11,2.8508
2014-05-12,2.8513
2014-05-13,2.8526
2014-05-14,2.8693
2014-05-15,2.879
2014-05-16,2.8804
2014-05-17,2.8804
2014-05-18,2.8804
2014-05-19,2.8812
2014-05-20,2.8821
2014-05-21,2.8836
2014-05-22,2.8842
2014-05-23,2.8861
2014-05-24,2.8861
2014-05-25,2.8861
2014-05-26,2.8861
2014-05-27,2.8878
2014-05-28,2.8888
2014-05-29,2.892
2014-05-30,2.8933
2014-05-31,2.8933
2014-06-01,2.8933
2014-06-02,2.8948
2014-06-03,2.8955
2014-06-04,2.9209
2014-06-05,2.9318
2014-06-06,2.9512
2014-06-07,2.9512
2014-06-08,2.9512
2014-06-09,2.9672
2014-06-10,2.9692
2014-06-11,2.9823
2014-06-12,2.987
2014-06-13,2.9911
2014-06-14,2.9911
2014-06-15,2.9911
2014-06-16,2.9962
2014-06-17,3.011
2014-06-18,3.0114
2014-06-19,3.012
2014-06-20,3.0711
2014-06-21,3.0711
2014-06-22,3.0711
2014-06-23,3.0366
2014-06-24,3.0057
2014-06-25,3.0049
2014-06-26,3.0026
2014-06-27,3.0027
2014-06-28,3.0027
2014-06-29,3.0027
2014-06-30,3.0028
2014-07-01,3.0028
2014-07-02,3.0034
2014-07-03,3.0104
2014-07-04,3.0117
2014-07-05,3.0117
2014-07-06,3.0117
2014-07-07,3.0117
2014-07-08,3.0134
2014-07-09,3.0237
2014-07-10,3.0239
2014-07-11,3.0244
2014-07-12,3.0244
2014-07-13,3.0244
2014-07-14,3.0243
2014-07-15,3.0243
2014-07-16,3.0343
2014-07-17,3.0343
2014-07-18,3.0343
2014-07-19,3.0343
2014-07-20,3.0343
2014-07-21,3.0343
2014-07-22,3.0343
2014-07-23,3.0343
2014-07-24,3.035
2014-07-25,3.035
2014-07-26,3.035
2014-07-27,3.035
2014-07-28,3.035
2014-07-29,3.035
2014-07-30,3.035
2014-07-31,3.035
2014-08-01,3.035
2014-08-02,3.035
2014-08-03,3.035
2014-08-04,3.035
2014-08-05,3.035
2014-08-06,3.035
2014-08-07,3.035
2014-08-08,3.035
2014-08-09,3.035
2014-08-10,3.035
2014-08-11,3.035
2014-08-12,3.035
2014-08-13,3.035
2014-08-14,3.035
2014-08-15,3.035
2014-08-16,3.035
2014-08-17,3.035
2014-08-18,3.035
2014-08-19,3.035
2014-08-20,3.035
2014-08-21,3.0613
2014-08-22,3.0613
2014-08-23,3.0613
2014-08-24,3.0613
2014-08-25,3.1346
2014-08-26,3.1346
2014-08-27,3.1347
2014-08-28,3.1346
2014-08-29,3.1346
2014-08-30,3.1346
2014-08-31,3.1346
2014-09-01,3.1346
2014-09-02,3.1346
2014-09-03,3.1762
2014-09-04,3.1762
2014-09-05,3.1905
2014-09-06,3.1905
2014-09-07,3.1905
2014-09-08,3.1905
2014-09-09,3.1905
2014-09-10,3.1975
2014-09-11,3.1975
2014-09-12,3.1975
2014-09-13,3.1975
2014-09-14,3.1975
2014-09-15,3.1975
2014-09-16,3.1975
2014-09-17,3.1975
2014-09-18,3.2013
2014-09-19,3.2013
2014-09-20,3.2013
2014-09-21,3.2013
2014-09-22,3.2013
2014-09-23,3.2013
2014-09-24,3.2013
2014-09-25,3.2013
2014-09-26,3.2013
2014-09-27,3.2013
2014-09-28,3.2013
2014-09-29,3.1986
2014-09-30,3.1986
2014-10-01,3.1983
2014-10-02,3.1988
2014-10-03,3.1988
2014-10-04,3.1988
2014-10-05,3.1988
2014-10-06,3.1988
2014-10-07,3.1988
2014-10-08,3.1988
2014-10-09,3.1988
2014-10-10,3.1986
2014-10-11,3.1986
2014-10-12,3.1986
2014-10-13,3.1984
2014-10-14,3.1984
2014-10-15,3.1984
2014-10-16,3.1983
2014-10-17,3.1983
2014-10-18,3.1983
2014-10-19,3.1983
2014-10-20,3.1969
2014-10-21,3.1969
2014-10-22,3.1969
2014-10-23,3.1969
2014-10-24,3.1963
2014-10-25,3.1963
2014-10-26,3.1963
2014-10-27,3.1963
2014-10-28,3.1963
2014-10-29,3.1963
2014-10-30,3.1968
2014-10-31,3.1968
2014-11-01,3.1968
2014-11-02,3.1968
2014-11-03,3.1973
2014-11-04,3.1973
2014-11-05,3.1973
2014-11-06,3.1971
2014-11-07,3.1971
2014-11-08,3.1971
2014-11-09,3.1971
2014-11-10,3.1971
2014-11-11,3.2001
2014-11-12,3.2001
2014-11-13,3.2001
2014-11-14,3.2
2014-11-15,3.2
2014-11-16,3.2
2014-11-17,3.1997
2014-11-18,3.1997
2014-11-19,3.1992
2014-11-20,3.1992
2014-11-21,3.1987
2014-11-22,3.1987
2014-11-23,3.1987
2014-11-24,3.1987
2014-11-25,3.1967
2014-11-26,3.1967
2014-11-27,3.1967
2014-11-28,3.1967
2014-11-29,3.1967
2014-11-30,3.1967
2014-12-01,3.1969
2014-12-02,3.1969
2014-12-03,3.1974
2014-12-04,3.1974
2014-12-05,3.1974
2014-12-06,3.1974
2014-12-07,3.1974
2014-12-08,3.1974
2014-12-09,3.1979
2014-12-10,3.1979
2014-12-11,3.1972
2014-12-12,3.1982
2014-12-13,3.1982
2014-12-14,3.1982
2014-12-15,3.1982
2014-12-16,3.1982
2014-12-17,3.1987
2014-12-18,3.1992
2014-12-19,3.1992
2014-12-20,3.1992
2014-12-21,3.1992
2014-12-22,3.2
2014-12-23,3.2
2014-12-24,3.2
2014-12-25,3.2
2014-12-26,3.2
2014-12-27,3.2
2014-12-28,3.2
2014-12-29,3.2
2014-12-30,3.2013
2014-12-31,3.2013
2015-01-01,3.2013
2015-01-02,3.2013
2015-01-03,3.2013
2015-01-04,3.2013
2015-01-05,3.2029
2015-01-06,3.2057
2015-01-07,3.2093
2015-01-08,3.2108
2015-01-09,3.2124
2015-01-10,3.2124
2015-01-11,3.2124
2015-01-12,3.2125
2015-01-13,3.2125
2015-01-14,3.2198
2015-01-15,3.2198
2015-01-16,3.2211
2015-01-17,3.2211
2015-01-18,3.2211
2015-01-19,3.222
2015-01-20,3.222
2015-01-21,3.2266
2015-01-22,3.2264
2015-01-23,3.2291
2015-01-24,3.2291
2015-01-25,3.2291
2015-01-26,3.2316
2015-01-27,3.2283
2015-01-28,3.2344
2015-01-29,3.2344
2015-01-30,3.2417
2015-01-31,3.2417
2015-02-01,3.2417
2015-02-02,3.2452
2015-02-03,3.2529
2015-02-04,3.2706
2015-02-05,3.2776
2015-02-06,3.2816
2015-02-07,3.2816
2015-02-08,3.2816
2015-02-09,3.2857
2015-02-10,3.3465
2015-02-11,3.355
2015-02-12,3.3493
2015-02-13,3.3682
2015-02-14,3.3682
2015-02-15,3.3682
2015-02-16,3.3907
2015-02-17,3.3907
2015-02-18,3.3974
2015-02-19,3.4037
2015-02-20,3.4055
2015-02-21,3.4055
2015-02-22,3.4055
2015-02-23,3.4164
2015-02-24,3.4421
2015-02-25,3.457
2015-02-26,3.4648
2015-02-27,3.4762
2015-02-28,3.4762
2015-03-01,3.4762
2015-03-02,3.4753
2015-03-03,3.4757
2015-03-04,3.4844
2015-03-05,3.4929
2015-03-06,3.4929
2015-03-07,3.4929
2015-03-08,3.4929
2015-03-09,3.5113
2015-03-10,3.5096
2015-03-11,3.529
2015-03-12,3.538
2015-03-13,3.542
2015-03-14,3.542
2015-03-15,3.542
2015-03-16,3.5539
2015-03-17,3.5579
2015-03-18,3.6046
2015-03-19,3.6014
2015-03-20,3.642
2015-03-21,3.642
2015-03-22,3.642
2015-03-23,3.6405
2015-03-24,3.6865
2015-03-25,3.6996
2015-03-26,3.7032
2015-03-27,3.7171
2015-03-28,3.7171
2015-03-29,3.7171
2015-03-30,3.7321
2015-03-31,3.7491
2015-04-01,3.7676
2015-04-02,3.7723
2015-04-03,3.7723
2015-04-04,3.7723
2015-04-05,3.7723
2015-04-06,3.7723
2015-04-07,3.7834
2015-04-08,3.794
2015-04-09,3.8151
2015-04-10,3.8055
2015-04-11,3.8055
2015-04-12,3.8055
2015-04-13,3.8174
2015-04-14,3.8219
2015-04-15,3.8156
2015-04-16,3.8052
2015-04-17,3.8258
2015-04-18,3.8258
2015-04-19,3.8258
2015-04-20,3.8236
2015-04-21,3.8043
2015-04-22,3.8308
2015-04-23,3.8034
2015-04-24,3.8278
2015-04-25,3.8278
2015-04-26,3.8278
2015-04-27,3.837
2015-04-28,3.8389
2015-04-29,3.8417
2015-04-30,3.8512
2015-05-01,3.8512
2015-05-02,3.8512
2015-05-03,3.8512
2015-05-04,3.853
2015-05-05,3.859
2015-05-06,3.8608
2015-05-07,3.859
2015-05-08,3.8679
2015-05-09,3.8679
2015-05-10,3.8679
2015-05-11,3.8648
2015-05-12,3.8662
2015-05-13,3.8707
2015-05-14,3.8847
2015-05-15,3.8937
2015-05-16,3.8937
2015-05-17,3.8937
2015-05-18,3.8777
2015-05-19,3.8636
2015-05-20,3.8759
2015-05-21,3.9077
2015-05-22,3.9405
2015-05-23,3.9405
2015-05-24,3.9405
2015-05-25,3.9405
2015-05-26,3.9338
2015-05-27,3.9682
2015-05-28,3.9624
2015-05-29,3.9996
2015-05-30,3.9996
2015-05-31,3.9996
2015-06-01,4.0157
2015-06-02,4.0456
2015-06-03,4.057
2015-06-04,4.0922
2015-06-05,4.1006
2015-06-06,4.1006
2015-06-07,4.1006
2015-06-08,4.1114
2015-06-09,4.1145
2015-06-10,4.1192
2015-06-11,4.1382
2015-06-12,4.1635
2015-06-13,4.1635
2015-06-14,4.1635
2015-06-15,4.1866
2015-06-16,4.2323
2015-06-17,4.234
2015-06-18,4.2502
2015-06-19,4.2715
2015-06-20,4.2715
2015-06-21,4.2715
2015-06-22,4.281
2015-06-23,4.2833
2015-06-24,4.3061
2015-06-25,4.3101
2015-06-26,4.3178
2015-06-27,4.3178
2015-06-28,4.3178
2015-06-29,4.3295
2015-06-30,4.3385
2015-07-01,4.3385
2015-07-02,4.1935
2015-07-03,4.0237
2015-07-04,4.0237
2015-07-05,4.0237
2015-07-06,3.9322
2015-07-07,3.7937
2015-07-08,3.6699
2015-07-09,3.5481
2015-07-10,3.463
2015-07-11,3.463
2015-07-12,3.463
2015-07-13,3.3363
2015-07-14,3.3142
2015-07-15,3.3128
2015-07-16,3.2562
2015-07-17,3.2377
2015-07-18,3.2377
2015-07-19,3.2377
2015-07-20,3.2377
2015-07-21,3.2676
2015-07-22,3.2796
2015-07-23,3.2882
2015-07-24,3.2922
2015-07-25,3.2922
2015-07-26,3.2922
2015-07-27,3.3685
2015-07-28,3.4138
2015-07-29,3.4268
2015-07-30,3.4564
2015-07-31,3.4666
2015-08-01,3.4666
2015-08-02,3.4666
2015-08-03,3.5569
2015-08-04,3.5944
2015-08-05,3.6776
2015-08-06,3.7232
2015-08-07,3.7596
2015-08-08,3.7596
2015-08-09,3.7596
2015-08-10,3.7822
2015-08-11,3.7991
2015-08-12,3.8288
2015-08-13,3.8751
2015-08-14,3.912
2015-08-15,3.912
2015-08-16,3.912
2015-08-17,3.9257
2015-08-18,3.9417
2015-08-19,3.9641
2015-08-20,3.9817
2015-08-21,4.0212
2015-08-22,4.0212
2015-08-23,4.0212
2015-08-24,4.0366
2015-08-25,4.0506
2015-08-26,4.062
2015-08-27,4.0691
2015-08-28,4.0476
2015-08-29,4.0476
2015-08-30,4.0476
2015-08-31,3.9251
2015-09-01,3.7817
2015-09-02,3.743
2015-09-03,3.7065
2015-09-04,3.7101
2015-09-05,3.7101
2015-09-06,3.7101
2015-09-07,3.7101
2015-09-08,3.7159
2015-09-09,3.722
2015-09-10,3.7271
2015-09-11,3.7271
2015-09-12,3.7271
2015-09-13,3.7271
2015-09-14,3.788
2015-09-15,3.8093
2015-09-16,3.8343
2015-09-17,3.8606
2015-09-18,3.8513
2015-09-19,3.8513
2015-09-20,3.8513
2015-09-21,3.8513
2015-09-22,3.8319
2015-09-23,3.8127
2015-09-24,3.8127
2015-09-25,3.795
2015-09-26,3.795
2015-09-27,3.795
2015-09-28,3.7797
2015-09-29,3.7564
2015-09-30,3.7272
2015-10-01,3.7132
2015-10-02,3.7216
2015-10-03,3.7216
2015-10-04,3.7216
2015-10-05,3.7098
2015-10-06,3.7261
2015-10-07,3.7438
2015-10-08,3.7531
2015-10-09,3.7672
2015-10-10,3.7672
2015-10-11,3.7672
2015-10-12,3.7591
2015-10-13,3.7675
2015-10-14,3.7691
2015-10-15,3.7734
2015-10-16,3.7773
2015-10-17,3.7773
2015-10-18,3.7773
2015-10-19,3.8053
2015-10-20,3.8012
2015-10-21,3.8013
2015-10-22,3.7971
2015-10-23,3.7884
2015-10-24,3.7884
2015-10-25,3.7884
2015-10-26,3.7932
2015-10-27,3.7794
2015-10-28,3.7875
2015-10-29,3.7873
2015-10-30,3.7915
2015-10-31,3.7915
2015-11-01,3.7915
2015-11-02,3.7944
2015-11-03,3.7917
2015-11-04,3.7918
2015-11-05,3.7919
2015-11-06,3.7942
2015-11-07,3.7942
2015-11-08,3.7942
2015-11-09,3.7932
2015-11-10,3.7932
2015-11-11,3.7932
2015-11-12,3.7942
2015-11-13,3.7938
2015-11-14,3.7938
2015-11-15,3.7938
2015-11-16,3.7871
2015-11-17,3.7915
2015-11-18,3.7918
2015-11-19,3.7873
2015-11-20,3.7898
2015-11-21,3.7898
2015-11-22,3.7898
2015-11-23,3.7884
2015-11-24,3.7932
2015-11-25,3.7965
2015-11-26,3.7965
2015-11-27,3.788
2015-11-28,3.788
2015-11-29,3.788
2015-11-30,3.7951
2015-12-01,3.7834
2015-12-02,3.7834
2015-12-03,3.7974
2015-12-04,3.7974
2015-12-05,3.7974
2015-12-06,3.7974
2015-12-07,3.7978
2015-12-08,3.8005
2015-12-09,3.7941
2015-12-10,3.7989
2015-12-11,3.7979
2015-12-12,3.7979
2015-12-13,3.7979
2015-12-14,3.7938
2015-12-15,3.8004
2015-12-16,3.7999
2015-12-17,3.8011
2015-12-18,3.7921
2015-12-19,3.7921
2015-12-20,3.7921
2015-12-21,3.7991
2015-12-22,3.7951
2015-12-23,3.7913
2015-12-24,3.7997
2015-12-25,3.7997
2015-12-26,3.7997
2015-12-27,3.7997
2015-12-28,3.7997
2015-12-29,3.8017
2015-12-30,3.7963
2015-12-31,3.7969
2016-01-01,3.7969
2016-01-02,3.7969
2016-01-03,3.7969
2016-01-04,3.7841
2016-01-05,3.7938
2016-01-06,3.7986
2016-01-07,3.7988
2016-01-08,3.8005
2016-01-09,3.8005
2016-01-10,3.8005
2016-01-11,3.7908
2016-01-12,3.801
2016-01-13,3.8033
2016-01-14,3.8079
2016-01-15,3.8102
2016-01-16,3.8102
2016-01-17,3.8102
2016-01-18,3.8102
2016-01-19,3.8162
2016-01-20,3.8165
2016-01-21,3.8167
2016-01-22,3.8214
2016-01-23,3.8214
2016-01-24,3.8214
2016-01-25,3.8264
2016-01-26,3.8308
2016-01-27,3.833
2016-01-28,3.833
2016-01-29,3.8363
2016-01-30,3.8363
2016-01-31,3.8363
2016-02-01,3.841
2016-02-02,3.8466
2016-02-03,3.8496
2016-02-04,3.8545
2016-02-05,3.8607
2016-02-06,3.8607
2016-02-07,3.8607
2016-02-08,3.8628
2016-02-09,3.8689
2016-02-10,3.8756
2016-02-11,3.88
2016-02-12,3.8824
2016-02-13,3.8824
2016-02-14,3.8824
2016-02-15,3.8824
2016-02-16,3.8785
2016-02-17,3.888
2016-02-18,3.889
2016-02-19,3.8896
2016-02-20,3.8896
2016-02-21,3.8896
2016-02-22,3.8957
2016-02-23,3.9061
2016-02-24,3.9045
2016-02-25,3.8773
2016-02-26,3.8806
2016-02-27,3.8806
2016-02-28,3.8806
2016-02-29,3.88
2016-03-01,3.8761
2016-03-02,3.8769
2016-03-03,3.8698
2016-03-04,3.8612
2016-03-05,3.8612
2016-03-06,3.8612
2016-03-07,3.8612
2016-03-08,3.8614
2016-03-09,3.8497
2016-03-10,3.8527
2016-03-11,3.8477
2016-03-12,3.8477
2016-03-13,3.8477
2016-03-14,3.8458
2016-03-15,3.8443
2016-03-16,3.8449
2016-03-17,3.8489
2016-03-18,3.8502
2016-03-19,3.8502
2016-03-20,3.8502
2016-03-21,3.8504
2016-03-22,3.85
2016-03-23,3.8364
2016-03-24,3.8407
2016-03-25,3.8407
2016-03-26,3.8407
2016-03-27,3.8407
2016-03-28,3.8407
2016-03-29,3.8383
2016-03-30,3.8323
2016-03-31,3.8384
2016-04-01,3.8323
2016-04-02,3.8323
2016-04-03,3.8323
2016-04-04,3.8227
2016-04-05,3.8321
2016-04-06,3.8319
2016-04-07,3.8313
2016-04-08,3.8256
2016-04-09,3.8256
2016-04-10,3.8256
2016-04-11,3.8306
2016-04-12,3.8251
2016-04-13,3.8314
2016-04-14,3.8266
2016-04-15,3.8251
2016-04-16,3.8251
2016-04-17,3.8251
2016-04-18,3.8282
2016-04-19,3.8273
2016-04-20,3.8251
2016-04-21,3.8193
2016-04-22,3.8121
2016-04-23,3.8121
2016-04-24,3.8121
2016-04-25,3.807
2016-04-26,3.7959
2016-04-27,3.7989
2016-04-28,3.797
2016-04-29,3.7867
2016-04-30,3.7867
2016-05-01,3.7867
2016-05-02,3.7867
2016-05-03,3.7995
2016-05-04,3.7905
2016-05-05,3.8029
2016-05-06,3.807
2016-05-07,3.807
2016-05-08,3.807
2016-05-09,3.809
2016-05-10,3.8098
2016-05-11,3.8095
2016-05-12,3.8082
2016-05-13,3.8134
2016-05-14,3.8134
2016-05-15,3.8134
2016-05-16,3.8113
2016-05-17,3.8152
2016-05-18,3.8169
2016-05-19,3.8202
2016-05-20,3.8257
2016-05-21,3.8257
2016-05-22,3.8257
2016-05-23,3.8287
2016-05-24,3.8306
2016-05-25,3.8306
2016-05-26,3.831
2016-05-27,3.8356
2016-05-28,3.8356
2016-05-29,3.8356
2016-05-30,3.8356
2016-05-31,3.8435
2016-06-01,3.8394
2016-06-02,3.8421
2016-06-03,3.8471
2016-06-04,3.8471
2016-06-05,3.8471
2016-06-06,3.8556
2016-06-07,3.8597
2016-06-08,3.8658
2016-06-09,3.871
2016-06-10,3.8726
2016-06-11,3.8726
2016-06-12,3.8726
2016-06-13,3.876
2016-06-14,3.8832
2016-06-15,3.9008
2016-06-16,3.8997
2016-06-17,3.9014
2016-06-18,3.9014
2016-06-19,3.9014
2016-06-20,3.9044
2016-06-21,3.9051
2016-06-22,3.9068
2016-06-23,3.909
2016-06-24,3.9098
2016-06-25,3.9098
2016-06-26,3.9098
2016-06-27,3.9178
2016-06-28,3.9209
2016-06-29,3.9249
2016-06-30,3.9279
2016-07-01,3.9279
2016-07-02,3.9279
2016-07-03,3.9279
2016-07-04,3.9279
2016-07-05,3.9315
2016-07-06,3.9315
2016-07-07,3.9327
2016-07-08,3.9352
2016-07-09,3.9352
2016-07-10,3.9352
2016-07-11,3.9372
2016-07-12,3.9385
2016-07-13,3.9408
2016-07-14,3.9425
2016-07-15,3.9432
2016-07-16,3.9432
2016-07-17,3.9432
2016-07-18,3.9449
2016-07-19,3.9464
2016-07-20,3.9475
2016-07-21,3.9467
2016-07-22,3.9425
2016-07-23,3.9425
2016-07-24,3.9425
2016-07-25,3.9425
2016-07-26,3.9432
2016-07-27,3.9482
2016-07-28,3.9488
2016-07-29,3.947
2016-07-30,3.947
2016-07-31,3.947
2016-08-01,3.9483
2016-08-02,3.9485
2016-08-03,3.9486
2016-08-04,3.9486
2016-08-05,3.9469
2016-08-06,3.9469
2016-08-07,3.9469
2016-08-08,3.9481
2016-08-09,3.949
2016-08-10,3.9473
2016-08-11,3.944
2016-08-12,3.9436
2016-08-13,3.9436
2016-08-14,3.9436
2016-08-15,3.9443
2016-08-16,3.9452
2016-08-17,3.9456
2016-08-18,3.9459
2016-08-19,3.9467
2016-08-20,3.9467
2016-08-21,3.9467
2016-08-22,3.9475
2016-08-23,3.948
2016-08-24,3.9485
2016-08-25,3.9492
2016-08-26,3.9483
2016-08-27,3.9483
2016-08-28,3.9483
2016-08-29,3.946
2016-08-30,3.9465
2016-08-31,3.9476
2016-09-01,3.9483
2016-09-02,3.9483
2016-09-03,3.9483
2016-09-04,3.9483
2016-09-05,3.9483
2016-09-06,3.949
2016-09-07,3.9518
2016-09-08,3.9537
2016-09-09,3.9564
2016-09-10,3.9564
2016-09-11,3.9564
2016-09-12,3.9564
2016-09-13,3.9566
2016-09-14,3.957
2016-09-15,3.9579
2016-09-16,3.9584
2016-09-17,3.9584
2016-09-18,3.9584
2016-09-19,3.9592
2016-09-20,3.9614
2016-09-21,3.9614
2016-09-22,3.9643
2016-09-23,3.9664
2016-09-24,3.9664
2016-09-25,3.9664
2016-09-26,3.9683
2016-09-27,3.9692
2016-09-28,3.9723
2016-09-29,3.9728
2016-09-30,3.9735
2016-10-01,3.9735
2016-10-02,3.9735
2016-10-03,3.9756
2016-10-04,3.9736
2016-10-05,3.9746
2016-10-06,3.9745
2016-10-07,3.9737
2016-10-08,3.9737
2016-10-09,3.9737
2016-10-10,3.9729
2016-10-11,3.9711
2016-10-12,3.9705
2016-10-13,3.9705
2016-10-14,3.9694
2016-10-15,3.9694
2016-10-16,3.9694
2016-10-17,3.9657
2016-10-18,3.9655
2016-10-19,3.9658
2016-10-20,3.9661
2016-10-21,3.9661
2016-10-22,3.9661
2016-10-23,3.9661
2016-10-24,3.9662
2016-10-25,3.9663
2016-10-26,3.9664
2016-10-27,3.967
2016-10-28,3.9663
2016-10-29,3.9663
2016-10-30,3.9663
2016-10-31,3.9661
2016-11-01,3.9657
2016-11-02,3.966
2016-11-03,3.966
2016-11-04,3.9662
2016-11-05,3.9662
2016-11-06,3.9662
2016-11-07,3.967
2016-11-08,3.967
2016-11-09,3.9671
2016-11-10,3.9673
2016-11-11,3.9673
2016-11-12,3.9673
2016-11-13,3.9673
2016-11-14,3.9703
2016-11-15,3.9744
2016-11-16,3.9781
2016-11-17,3.9789
2016-11-18,3.9793
2016-11-19,3.9793
2016-11-20,3.9793
2016-11-21,3.9798
2016-11-22,3.9806
2016-11-23,3.9813
2016-11-24,3.9813
2016-11-25,3.9816
2016-11-26,3.9816
2016-11-27,3.9816
2016-11-28,3.9819
2016-11-29,3.9824
2016-11-30,4.0336
2016-12-01,4.0342
2016-12-02,4.0342
2016-12-03,4.0342
2016-12-04,4.0342
2016-12-05,4.0345
2016-12-06,4.0384
2016-12-07,4.0384
2016-12-08,4.0397
2016-12-09,4.0414
2016-12-10,4.0414
2016-12-11,4.0414
2016-12-12,4.0712
2016-12-13,4.0974
2016-12-14,4.1014
2016-12-15,4.1069
2016-12-16,4.1125
2016-12-17,4.1125
2016-12-18,4.1125
2016-12-19,4.1207
2016-12-20,4.1251
2016-12-21,4.1356
2016-12-22,4.1483
2016-12-23,4.1542
2016-12-24,4.1542
2016-12-25,4.1542
2016-12-26,4.1542
2016-12-27,4.1542
2016-12-28,4.1808
2016-12-29,4.1832
2016-12-30,4.2023
2016-12-31,4.2023
2017-01-01,4.2023
2017-01-02,4.2023
2017-01-03,4.2098
2017-01-04,4.2118
2017-01-05,4.2122
2017-01-06,4.2171
2017-01-07,4.2171
2017-01-08,4.2171
2017-01-09,4.2183
2017-01-10,4.2211
2017-01-11,4.2259
2017-01-12,4.2275
2017-01-13,4.2296
2017-01-14,4.2296
2017-01-15,4.2296
2017-01-16,4.2296
2017-01-17,4.2327
2017-01-18,4.235
2017-01-19,4.2368
2017-01-20,4.2397
2017-01-21,4.2397
2017-01-22,4.2397
2017-01-23,4.2425
2017-01-24,4.2451
2017-01-25,4.2688
2017-01-26,4.2702
2017-01-27,4.271
2017-01-28,4.271
2017-01-29,4.271
2017-01-30,4.2727
2017-01-31,4.2732
2017-02-01,4.2831
2017-02-02,4.2934
2017-02-03,4.3025
2017-02-04,4.3025
2017-02-05,4.3025
2017-02-06,4.3064
2017-02-07,4.3163
2017-02-08,4.3656
2017-02-09,4.3734
2017-02-10,4.3746
2017-02-11,4.3746
2017-02-12,4.3746
2017-02-13,4.3752
2017-02-14,4.3756
2017-02-15,4.3759
2017-02-16,4.3766
2017-02-17,4.3772
2017-02-18,4.3772
2017-02-19,4.3772
2017-02-20,4.3772
2017-02-21,4.3782
2017-02-22,4.4285
2017-02-23,4.4385
2017-02-24,4.4421
2017-02-25,4.4421
2017-02-26,4.4421
2017-02-27,4.4616
2017-02-28,4.4808
2017-03-01,4.4992
2017-03-02,4.506
2017-03-03,4.5114
2017-03-04,4.5114
2017-03-05,4.5114
2017-03-06,4.5114
2017-03-07,4.5442
2017-03-08,4.6065
2017-03-09,4.6062
2017-03-10,4.6053
2017-03-11,4.6053
2017-03-12,4.6053
2017-03-13,4.5962
2017-03-14,4.5842
2017-03-15,4.5761
2017-03-16,4.5582
2017-03-17,4.5468
2017-03-18,4.5468
2017-03-19,4.5468
2017-03-20,4.5224
2017-03-21,4.4968
2017-03-22,4.4813
2017-03-23,4.4238
2017-03-24,4.3528
2017-03-25,4.3528
2017-03-26,4.3528
2017-03-27,4.345
2017-03-28,4.3398
2017-03-29,4.339
2017-03-30,4.3406
2017-03-31,4.3194
2017-04-01,4.3194
2017-04-02,4.3194
2017-04-03,4.2938
2017-04-04,4.2774
2017-04-05,4.1661
2017-04-06,4.1978
2017-04-07,4.1881
2017-04-08,4.1881
2017-04-09,4.1881
2017-04-10,4.1936
2017-04-11,4.2105
2017-04-12,4.2083
2017-04-13,4.2124
2017-04-14,4.2124
2017-04-15,4.2124
2017-04-16,4.2124
2017-04-17,4.2124
2017-04-18,4.2088
2017-04-19,4.1708
2017-04-20,4.1673
2017-04-21,4.1647
2017-04-22,4.1647
2017-04-23,4.1647
2017-04-24,4.1661
2017-04-25,4.1852
2017-04-26,4.185
2017-04-27,4.1895
2017-04-28,4.1887
2017-04-29,4.1887
2017-04-30,4.1887
2017-05-01,4.1887
2017-05-02,4.1907
2017-05-03,4.1855
2017-05-04,4.1946
2017-05-05,4.1955
2017-05-06,4.1955
2017-05-07,4.1955
2017-05-08,4.1976
2017-05-09,4.2
2017-05-10,4.2004
2017-05-11,4.2018
2017-05-12,4.2112
2017-05-13,4.2112
2017-05-14,4.2112
2017-05-15,4.2191
2017-05-16,4.232
2017-05-17,4.2413
2017-05-18,4.2434
2017-05-19,4.2505
2017-05-20,4.2505
2017-05-21,4.2505
2017-05-22,4.265
2017-05-23,4.3046
2017-05-24,4.3054
2017-05-25,4.3054
2017-05-26,4.3067
2017-05-27,4.3067
2017-05-28,4.3067
2017-05-29,4.301
2017-05-30,4.2998
2017-05-31,4.2878
2017-06-01,4.2886
2017-06-02,4.2949
2017-06-03,4.2949
2017-06-04,4.2949
2017-06-05,4.2952
2017-06-06,4.3017
2017-06-07,4.304
2017-06-08,4.3075
2017-06-09,4.3234
2017-06-10,4.3234
2017-06-11,4.3234
2017-06-12,4.33
2017-06-13,4.3397
2017-06-14,4.3408
2017-06-15,4.3417
2017-06-16,4.3444
2017-06-17,4.3444
2017-06-18,4.3444
2017-06-19,4.3464
2017-06-20,4.3472
2017-06-21,4.3543
2017-06-22,4.3554
2017-06-23,4.3562
2017-06-24,4.3562
2017-06-25,4.3562
2017-06-26,4.3562
2017-06-27,4.3592
2017-06-28,4.3619
2017-06-29,4.364
2017-06-30,4.365
2017-07-01,4.365
2017-07-02,4.365
2017-07-03,4.365
2017-07-04,4.365
2017-07-05,4.3662
2017-07-06,4.3667
2017-07-07,4.3667
2017-07-08,4.3667
2017-07-09,4.3667
2017-07-10,4.3671
2017-07-11,4.3583
2017-07-12,4.3595
2017-07-13,4.3607
2017-07-14,4.3624
2017-07-15,4.3624
2017-07-16,4.3624
2017-07-17,4.3636
2017-07-18,4.366
2017-07-19,4.3721
2017-07-20,4.3724
2017-07-21,4.3744
2017-07-22,4.3744
2017-07-23,4.3744
2017-07-24,4.3751
2017-07-25,4.3769
2017-07-26,4.3772
2017-07-27,4.38
2017-07-28,4.3743
2017-07-29,4.3743
2017-07-30,4.3743
2017-07-31,4.3765
2017-08-01,4.3776
2017-08-02,4.3776
2017-08-03,4.3772
2017-08-04,4.378
2017-08-05,4.378
2017-08-06,4.378
2017-08-07,4.3786
2017-08-08,4.3786
2017-08-09,4.3783
2017-08-10,4.3783
2017-08-11,4.3797
2017-08-12,4.3797
2017-08-13,4.3797
2017-08-14,4.383
2017-08-15,4.386
2017-08-16,4.387
2017-08-17,4.388
2017-08-18,4.3885
2017-08-19,4.3885
2017-08-20,4.3885
2017-08-21,4.3876
2017-08-22,4.3905
2017-08-23,4.3916
2017-08-24,4.3973
2017-08-25,4.4006
2017-08-26,4.4006
2017-08-27,4.4006
2017-08-28,4.4012
2017-08-29,4.4012
2017-08-30,4.4011
2017-08-31,4.4016
2017-09-01,4.4016
2017-09-02,4.4016
2017-09-03,4.4016
2017-09-04,4.4016
2017-09-05,4.4021
2017-09-06,4.4043
2017-09-07,4.4042
2017-09-08,4.4049
2017-09-09,4.4049
2017-09-10,4.4049
2017-09-11,4.4066
2017-09-12,4.4073
2017-09-13,4.4074
2017-09-14,4.4074
2017-09-15,4.4075
2017-09-16,4.4075
2017-09-17,4.4075
2017-09-18,4.4089
2017-09-19,4.4096
2017-09-20,4.4098
2017-09-21,4.4098
2017-09-22,4.4099
2017-09-23,4.4099
2017-09-24,4.4099
2017-09-25,4.4095
2017-09-26,4.4057
2017-09-27,4.4041
2017-09-28,4.404
2017-09-29,4.3966
2017-09-30,4.3966
2017-10-01,4.3966
2017-10-02,4.3964
2017-10-03,4.3971
2017-10-04,4.3966
2017-10-05,4.3959
2017-10-06,4.3919
2017-10-07,4.3919
2017-10-08,4.3919
2017-10-09,4.3919
2017-10-10,4.3914
2017-10-11,4.3812
2017-10-12,4.3796
2017-10-13,4.3805
2017-10-14,4.3805
2017-10-15,4.3805
2017-10-16,4.3776
2017-10-17,4.3794
2017-10-18,4.3771
2017-10-19,4.3796
2017-10-20,4.3781
2017-10-21,4.3781
2017-10-22,4.3781
2017-10-23,4.378
2017-10-24,4.377
2017-10-25,4.3774
2017-10-26,4.3782
2017-10-27,4.3771
2017-10-28,4.3771
2017-10-29,4.3771
2017-10-30,4.3764
2017-10-31,4.3787
2017-11-01,4.3801
2017-11-02,4.3822
2017-11-03,4.3836
2017-11-04,4.3836
2017-11-05,4.3836
2017-11-06,4.3861
2017-11-07,4.39
2017-11-08,4.3919
2017-11-09,4.3947
2017-11-10,4.3947
2017-11-11,4.3947
2017-11-12,4.3947
2017-11-13,4.394
2017-11-14,4.3949
2017-11-15,4.3942
2017-11-16,4.3964
2017-11-17,4.3977
2017-11-18,4.3977
2017-11-19,4.3977
2017-11-20,4.4027
2017-11-21,4.4027
2017-11-22,4.4058
2017-11-23,4.4058
2017-11-24,4.4087
2017-11-25,4.4087
2017-11-26,4.4087
2017-11-27,4.4098
2017-11-28,4.4146
2017-11-29,4.4146
2017-11-30,4.4144
2017-12-01,4.4144
2017-12-02,4.4144
2017-12-03,4.4144
2017-12-04,4.4139
2017-12-05,4.414
2017-12-06,4.4139
2017-12-07,4.4134
2017-12-08,4.4134
2017-12-09,4.4134
2017-12-10,4.4134
2017-12-11,4.4144
2017-12-12,4.4148
2017-12-13,4.4148
2017-12-14,4.4143
2017-12-15,4.4143
2017-12-16,4.4143
2017-12-17,4.4143
2017-12-18,4.4137
2017-12-19,4.4137
2017-12-20,4.4138
2017-12-21,4.4138
2017-12-22,4.4138
2017-12-23,4.4138
2017-12-24,4.4138
2017-12-25,4.4138
2017-12-26,4.4138
2017-12-27,4.4164
2017-12-28,4.4164
2017-12-29,4.4179
2017-12-30,4.4179
2017-12-31,4.4179
2018-01-01,4.4179
2018-01-02,4.4189
2018-01-03,4.4189
2018-01-04,4.4204
2018-01-05,4.4201
2018-01-06,4.4201
2018-01-07,4.4201
2018-01-08,4.421
2018-01-09,4.421
2018-01-10,4.4217
2018-01-11,4.4222
2018-01-12,4.422
2018-01-13,4.422
2018-01-14,4.422
2018-01-15,4.422
2018-01-16,4.4225
2018-01-17,4.4225
2018-01-18,4.4235
2018-01-19,4.4242
2018-01-20,4.4242
2018-01-21,4.4242
2018-01-22,4.4242
2018-01-23,4.4251
2018-01-24,4.4263
2018-01-25,4.4263
2018-01-26,4.4263
2018-01-27,4.4263
2018-01-28,4.4263
2018-01-29,4.4263
2018-01-30,4.4262
2018-01-31,4.4262
2018-02-01,4.4257
2018-02-02,4.4258
2018-02-03,4.4258
2018-02-04,4.4258
2018-02-05,4.4248
2018-02-06,4.4248
2018-02-07,4.4238
2018-02-08,4.4223
2018-02-09,4.4208
2018-02-10,4.4208
2018-02-11,4.4208
2018-02-12,4.4208
2018-02-13,4.4206
2018-02-14,4.4203
2018-02-15,4.4204
2018-02-16,4.4204
2018-02-17,4.4204
2018-02-18,4.4204
2018-02-19,4.4204
2018-02-20,4.4201
2018-02-21,4.4205
2018-02-22,4.4204
2018-02-23,4.4207
2018-02-24,4.4207
2018-02-25,4.4207
2018-02-26,4.4204
2018-02-27,4.4204
2018-02-28,4.4209
2018-03-01,4.4209
2018-03-02,4.4206
2018-03-03,4.4206
2018-03-04,4.4206
2018-03-05,4.4202
2018-03-06,4.4202
2018-03-07,4.4204
2018-03-08,4.4211
2018-03-09,4.4208
2018-03-10,4.4208
2018-03-11,4.4208
2018-03-12,4.4208
2018-03-13,4.4203
2018-03-14,4.4199
2018-03-15,4.4194
2018-03-16,4.4188
2018-03-17,4.4188
2018-03-18,4.4188
2018-03-19,4.4183
2018-03-20,4.4185
2018-03-21,4.4163
2018-03-22,4.4068
2018-03-23,4.4082
2018-03-24,4.4082
2018-03-25,4.4082
2018-03-26,4.4064
2018-03-27,4.4059
2018-03-28,4.4066
2018-03-29,4.4066
2018-03-30,4.4066
2018-03-31,4.4066
2018-04-01,4.4066
2018-04-02,4.4066
2018-04-03,4.407
2018-04-04,4.4073
2018-04-05,4.408
2018-04-06,4.408
2018-04-07,4.408
2018-04-08,4.408
2018-04-09,4.4075
2018-04-10,4.4078
2018-04-11,4.4074
2018-04-12,4.4069
2018-04-13,4.4064
2018-04-14,4.4064
2018-04-15,4.4064
2018-04-16,4.4065
2018-04-17,4.4065
2018-04-18,4.4066
2018-04-19,4.4064
2018-04-20,4.4074
2018-04-21,4.4074
2018-04-22,4.4074
2018-04-23,4.4074
2018-04-24,4.4079
2018-04-25,4.408
2018-04-26,4.4088
2018-04-27,4.4093
2018-04-28,4.4093
2018-04-29,4.4093
2018-04-30,4.41
2018-05-01,4.41
2018-05-02,4.4109
2018-05-03,4.4103
2018-05-04,4.4103
2018-05-05,4.4103
2018-05-06,4.4103
2018-05-07,4.4108
2018-05-08,4.4116
2018-05-09,4.4128
2018-05-10,4.4142
2018-05-11,4.4145
2018-05-12,4.4145
2018-05-13,4.4145
2018-05-14,4.4153
2018-05-15,4.416
2018-05-16,4.4164
2018-05-17,4.4164
2018-05-18,4.4172
2018-05-19,4.4172
2018-05-20,4.4172
2018-05-21,4.418
2018-05-22,4.4179
2018-05-23,4.4187
2018-05-24,4.4193
2018-05-25,4.4193
2018-05-26,4.4193
2018-05-27,4.4193
2018-05-28,4.4193
2018-05-29,4.4205
2018-05-30,4.4232
2018-05-31,4.4248
2018-06-01,4.4272
2018-06-02,4.4272
2018-06-03,4.4272
2018-06-04,4.4288
2018-06-05,4.4323
2018-06-06,4.4361
2018-06-07,4.44
2018-06-08,4.445
2018-06-09,4.445
2018-06-10,4.445
2018-06-11,4.4475
2018-06-12,4.4501
2018-06-13,4.4528
2018-06-14,4.4557
2018-06-15,4.4557
2018-06-16,4.4557
2018-06-17,4.4557
2018-06-18,4.458
2018-06-19,4.462
2018-06-20,4.4667
2018-06-21,4.4697
2018-06-22,4.4742
2018-06-23,4.4742
2018-06-24,4.4742
2018-06-25,4.4804
2018-06-26,4.5089
2018-06-27,4.5119
2018-06-28,4.5219
2018-06-29,4.5252
2018-06-30,4.5252
2018-07-01,4.5252
2018-07-02,4.5252
2018-07-03,4.5287
2018-07-04,4.5287
2018-07-05,4.5314
2018-07-06,4.534
2018-07-07,4.534
2018-07-08,4.534
2018-07-09,4.5441
2018-07-10,4.6071
2018-07-11,4.685
2018-07-12,4.6855
2018-07-13,4.6865
2018-07-14,4.6865
2018-07-15,4.6865
2018-07-16,4.6875
2018-07-17,4.6888
2018-07-18,4.6882
2018-07-19,4.6893
2018-07-20,4.6915
2018-07-21,4.6915
2018-07-22,4.6915
2018-07-23,4.6928
2018-07-24,4.6948
2018-07-25,4.6957
2018-07-26,4.697
2018-07-27,4.697
2018-07-28,4.697
2018-07-29,4.697
2018-07-30,4.6969
2018-07-31,4.6966
2018-08-01,4.6966
2018-08-02,4.6974
2018-08-03,4.6986
2018-08-04,4.6986
2018-08-05,4.6986
2018-08-06,4.6983
2018-08-07,4.7004
2018-08-08,4.7003
2018-08-09,4.7015
2018-08-10,4.7022
2018-08-11,4.7022
2018-08-12,4.7022
2018-08-13,4.7042
2018-08-14,4.7065
2018-08-15,4.7084
2018-08-16,4.7102
2018-08-17,4.7162
2018-08-18,4.7162
2018-08-19,4.7162
2018-08-20,4.7158
2018-08-21,4.7158
2018-08-22,4.7188
2018-08-23,4.7194
2018-08-24,4.7209
2018-08-25,4.7209
2018-08-26,4.7209
2018-08-27,4.7206
2018-08-28,4.7219
2018-08-29,4.7234
2018-08-30,4.7253
2018-08-31,4.7264
2018-09-01,4.7264
2018-09-02,4.7264
2018-09-03,4.7264
2018-09-04,4.7292
2018-09-05,4.7315
2018-09-06,4.751
2018-09-07,4.7548
2018-09-08,4.7548
2018-09-09,4.7548
2018-09-10,4.7568
2018-09-11,4.7593
2018-09-12,4.7618
2018-09-13,4.7618
2018-09-14,4.7631
2018-09-15,4.7631
2018-09-16,4.7631
2018-09-17,4.763
2018-09-18,4.768
2018-09-19,4.7679
2018-09-20,4.7689
2018-09-21,4.7689
2018-09-22,4.7689
2018-09-23,4.7689
2018-09-24,4.7691
2018-09-25,4.7712
2018-09-26,4.7735
2018-09-27,4.775
2018-09-28,4.78
2018-09-29,4.78
2018-09-30,4.78
2018-10-01,4.7822
2018-10-02,4.7842
2018-10-03,4.7973
2018-10-04,4.7973
2018-10-05,4.7982
2018-10-06,4.7982
2018-10-07,4.7982
2018-10-08,4.7982
2018-10-09,4.7987
2018-10-10,4.7996
2018-10-11,4.7996
2018-10-12,4.7986
2018-10-13,4.7986
2018-10-14,4.7986
2018-10-15,4.7984
2018-10-16,4.7977
2018-10-17,4.7968
2018-10-18,4.7953
2018-10-19,4.7944
2018-10-20,4.7944
2018-10-21,4.7944
2018-10-22,4.7936
2018-10-23,4.7929
2018-10-24,4.7927
2018-10-25,4.7919
2018-10-26,4.7919
2018-10-27,4.7919
2018-10-28,4.7919
2018-10-29,4.7923
2018-10-30,4.7923
2018-10-31,4.7923
2018-11-01,4.7917
2018-11-02,4.7917
2018-11-03,4.7917
2018-11-04,4.7917
2018-11-05,4.7914
2018-11-06,4.7918
2018-11-07,4.7916
2018-11-08,4.791
2018-11-09,4.7917
2018-11-10,4.7917
2018-11-11,4.7917
2018-11-12,4.7917
2018-11-13,4.7912
2018-11-14,4.7913
2018-11-15,4.7918
2018-11-16,4.7918
2018-11-17,4.7918
2018-11-18,4.7918
2018-11-19,4.7916
2018-11-20,4.7924
2018-11-21,4.7926
2018-11-22,4.7926
2018-11-23,4.7941
2018-11-24,4.7941
2018-11-25,4.7941
2018-11-26,4.7939
2018-11-27,4.7939
2018-11-28,4.7969
2018-11-29,4.8024
2018-11-30,4.8084
2018-12-01,4.8084
2018-12-02,4.8084
2018-12-03,4.8104
2018-12-04,4.8104
2018-12-05,4.8104
2018-12-06,4.8119
2018-12-07,4.8119
2018-12-08,4.8119
2018-12-09,4.8119
2018-12-10,4.8144
2018-12-11,4.8164
2018-12-12,4.8164
2018-12-13,4.8163
2018-12-14,4.8166
2018-12-15,4.8166
2018-12-16,4.8166
2018-12-17,4.8166
2018-12-18,4.8186
2018-12-19,4.8202
2018-12-20,4.8207
2018-12-21,4.8207
2018-12-22,4.8207
2018-12-23,4.8207
2018-12-24,4.8214
2018-12-25,4.8214
2018-12-26,4.8214
2018-12-27,4.8214
2018-12-28,4.8224
2018-12-29,4.8224
2018-12-30,4.8224
2018-12-31,4.8224
2019-01-01,4.8224
2019-01-02,4.8291
2019-01-03,4.8328
2019-01-04,4.8358
2019-01-05,4.8358
2019-01-06,4.8358
2019-01-07,4.8358
2019-01-08,4.8389
2019-01-09,4.8449
2019-01-10,4.8524
2019-01-11,4.8675
2019-01-12,4.8675
2019-01-13,4.8675
2019-01-14,4.8775
2019-01-15,4.8925
2019-01-16,4.9027
2019-01-17,4.9076
2019-01-18,4.9126
2019-01-19,4.9126
2019-01-20,4.9126
2019-01-21,4.9126
2019-01-22,4.9228
2019-01-23,4.9329
2019-01-24,4.9403
2019-01-25,4.9429
2019-01-26,4.9429
2019-01-27,4.9429
2019-01-28,4.9454
2019-01-29,4.9452
2019-01-30,4.9509
2019-01-31,4.953
2019-02-01,4.955
2019-02-02,4.955
2019-02-03,4.955
2019-02-04,4.955
2019-02-05,4.9626
2019-02-06,4.9625
2019-02-07,4.9727
2019-02-08,5.0027
2019-02-09,5.0027
2019-02-10,5.0027
2019-02-11,5.0028
2019-02-12,5.0031
2019-02-13,5.0041
2019-02-14,5.004
2019-02-15,5.0042
2019-02-16,5.0042
2019-02-17,5.0042
2019-02-18,5.0042
2019-02-19,5.0092
2019-02-20,5.0142
2019-02-21,5.0192
2019-02-22,5.0252
2019-02-23,5.0252
2019-02-24,5.0252
2019-02-25,5.0352
2019-02-26,5.1027
2019-02-27,5.1577
2019-02-28,5.1778
2019-03-01,5.2028
2019-03-02,5.2028
2019-03-03,5.2028
2019-03-04,5.2028
2019-03-05,5.2028
2019-03-06,5.2028
2019-03-07,5.2128
2019-03-08,5.2228
2019-03-09,5.2228
2019-03-10,5.2228
2019-03-11,5.2378
2019-03-12,5.2426
2019-03-13,5.2426
2019-03-14,5.2426
2019-03-15,5.2426
2019-03-16,5.2426
2019-03-17,5.2426
2019-03-18,5.2426
2019-03-19,5.2426
2019-03-20,5.2426
2019-03-21,5.1617
2019-03-22,5.0829
2019-03-23,5.0829
2019-03-24,5.0829
2019-03-25,5.083
2019-03-26,5.083
2019-03-27,5.085
2019-03-28,5.085
2019-03-29,5.0859
2019-03-30,5.0859
2019-03-31,5.0859
2019-04-01,5.0884
2019-04-02,5.0882
2019-04-03,5.0882
2019-04-04,5.0879
2019-04-05,5.0877
2019-04-06,5.0877
2019-04-07,5.0877
2019-04-08,5.0875
2019-04-09,5.0875
2019-04-10,5.0877
2019-04-11,5.0887
2019-04-12,5.0887
2019-04-13,5.0887
2019-04-14,5.0887
2019-04-15,5.0885
2019-04-16,5.0885
2019-04-17,5.0883
2019-04-18,5.0903
2019-04-19,5.0903
2019-04-20,5.0903
2019-04-21,5.0903
2019-04-22,5.0903
2019-04-23,5.0903
2019-04-24,5.0902
2019-04-25,5.0904
2019-04-26,5.0904
2019-04-27,5.0904
2019-04-28,5.0904
2019-04-29,5.0906
2019-04-30,5.0906
2019-05-01,5.0906
2019-05-02,5.0916
2019-05-03,5.0922
2019-05-04,5.0922
2019-05-05,5.0922
2019-05-06,5.0917
2019-05-07,5.0927
2019-05-08,5.0937
2019-05-09,5.0937
2019-05-10,5.0947
2019-05-11,5.0947
2019-05-12,5.0947
2019-05-13,5.0967
2019-05-14,5.0965
2019-05-15,5.098
2019-05-16,5.1
2019-05-17,5.101
2019-05-18,5.101
2019-05-19,5.101
2019-05-20,5.1061
2019-05-21,5.1055
2019-05-22,5.1096
2019-05-23,5.1165
2019-05-24,5.1177
2019-05-25,5.1177
2019-05-26,5.1177
2019-05-27,5.1177
2019-05-28,5.1327
2019-05-29,5.1327
2019-05-30,5.1529
2019-05-31,5.2037
2019-06-01,5.2037
2019-06-02,5.2037
2019-06-03,5.2035
2019-06-04,5.2135
2019-06-05,5.2135
2019-06-06,5.2285
2019-06-07,5.2285
2019-06-08,5.2285
2019-06-09,5.2285
2019-06-10,5.228
2019-06-11,5.233
2019-06-12,5.233
2019-06-13,5.238
2019-06-14,5.2427
2019-06-15,5.2427
2019-06-16,5.2427
2019-06-17,5.2525
2019-06-18,5.2523
2019-06-19,5.2523
2019-06-20,5.2528
2019-06-21,5.2548
2019-06-22,5.2548
2019-06-23,5.2548
2019-06-24,5.2548
2019-06-25,5.2596
2019-06-26,5.2626
2019-06-27,5.2616
2019-06-28,5.2616
2019-06-29,5.2616
2019-06-30,5.2616
2019-07-01,5.2606
2019-07-02,5.2601
2019-07-03,5.2601
2019-07-04,5.2601
2019-07-05,5.2621
2019-07-06,5.2621
2019-07-07,5.2621
2019-07-08,5.2611
2019-07-09,5.2611
2019-07-10,5.2606
2019-07-11,5.26
2019-07-12,5.2571
2019-07-13,5.2571
2019-07-14,5.2571
2019-07-15,5.2551
2019-07-16,5.2541
2019-07-17,5.2546
2019-07-18,5.2556
2019-07-19,5.2576
2019-07-20,5.2576
2019-07-21,5.2576
2019-07-22,5.2591
2019-07-23,5.2591
2019-07-24,5.2586
2019-07-25,5.2581
2019-07-26,5.2572
2019-07-27,5.2572
2019-07-28,5.2572
2019-07-29,5.2577
2019-07-30,5.2596
2019-07-31,5.2596
2019-08-01,5.2597
2019-08-02,5.2592
2019-08-03,5.2592
2019-08-04,5.2592
2019-08-05,5.2592
2019-08-06,5.2606
2019-08-07,5.263
2019-08-08,5.2865
2019-08-09,5.2641
2019-08-10,5.2641
2019-08-11,5.2641
2019-08-12,5.2641
2019-08-13,5.2666
2019-08-14,5.2666
2019-08-15,5.2692
2019-08-16,5.2726
2019-08-17,5.2726
2019-08-18,5.2726
2019-08-19,5.2776
2019-08-20,5.2776
2019-08-21,5.2776
2019-08-22,5.279
2019-08-23,5.28
2019-08-24,5.28
2019-08-25,5.28
2019-08-26,5.2815
2019-08-27,5.283
2019-08-28,5.283
2019-08-29,5.284
2019-08-30,5.284
2019-08-31,5.284
2019-09-01,5.284
2019-09-02,5.284
2019-09-03,5.2898
2019-09-04,5.3027
2019-09-05,5.3027
2019-09-06,5.3057
2019-09-07,5.3057
2019-09-08,5.3057
2019-09-09,5.3057
2019-09-10,5.3067
2019-09-11,5.3067
2019-09-12,5.3097
2019-09-13,5.3097
2019-09-14,5.3097
2019-09-15,5.3097
2019-09-16,5.3097
2019-09-17,5.3122
2019-09-18,5.3122
2019-09-19,5.3147
2019-09-20,5.3196
2019-09-21,5.3196
2019-09-22,5.3196
2019-09-23,5.3196
2019-09-24,5.3195
2019-09-25,5.3193
2019-09-26,5.3191
2019-09-27,5.3188
2019-09-28,5.3188
2019-09-29,5.3188
2019-09-30,5.3188
2019-10-01,5.3183
2019-10-02,5.3183
2019-10-03,5.318
2019-10-04,5.318
2019-10-05,5.318
2019-10-06,5.318
2019-10-07,5.3228
2019-10-08,5.3229
2019-10-09,5.3227
2019-10-10,5.3225
2019-10-11,5.3245
2019-10-12,5.3245
2019-10-13,5.3245
2019-10-14,5.3247
2019-10-15,5.3247
2019-10-16,5.3237
2019-10-17,5.3232
2019-10-18,5.3242
2019-10-19,5.3242
2019-10-20,5.3242
2019-10-21,5.3242
2019-10-22,5.3252
2019-10-23,5.3302
2019-10-24,5.3299
2019-10-25,5.3349
2019-10-26,5.3349
2019-10-27,5.3349
2019-10-28,5.3349
2019-10-29,5.3351
2019-10-30,5.3399
2019-10-31,5.3399
2019-11-01,5.3399
2019-11-02,5.3399
2019-11-03,5.3399
2019-11-04,5.3449
2019-11-05,5.3527
2019-11-06,5.3625
2019-11-07,5.3625
2019-11-08,5.3625
2019-11-09,5.3625
2019-11-10,5.3625
2019-11-11,5.3625
2019-11-12,5.3623
2019-11-13,5.362
2019-11-14,5.3635
2019-11-15,5.3635
2019-11-16,5.3635
2019-11-17,5.3635
2019-11-18,5.366
2019-11-19,5.3675
2019-11-20,5.37
2019-11-21,5.3803
2019-11-22,5.3803
2019-11-23,5.3803
2019-11-24,5.3803
2019-11-25,5.3801
2019-11-26,5.5039
2019-11-27,5.5039
2019-11-28,5.5039
2019-11-29,5.5282
2019-11-30,5.5282
2019-12-01,5.5282
2019-12-02,5.5282
2019-12-03,5.5397
2019-12-04,5.5397
2019-12-05,5.5397
2019-12-06,5.5397
2019-12-07,5.5397
2019-12-08,5.5397
2019-12-09,5.5397
2019-12-10,5.5395
2019-12-11,5.5415
2019-12-12,5.5415
2019-12-13,5.5413
2019-12-14,5.5413
2019-12-15,5.5413
2019-12-16,5.5433
2019-12-17,5.5431
2019-12-18,5.5431
2019-12-19,5.5429
2019-12-20,5.5424
2019-12-21,5.5424
2019-12-22,5.5424
2019-12-23,5.5424
2019-12-24,5.5421
2019-12-25,5.5421
2019-12-26,5.5421
2019-12-27,5.5416
2019-12-28,5.5416
2019-12-29,5.5416
2019-12-30,5.5406
2019-12-31,5.5365
2020-01-01,5.5365
2020-01-02,5.537
2020-01-03,5.537
2020-01-04,5.537
2020-01-05,5.537
2020-01-06,5.5368
2020-01-07,5.5368
2020-01-08,5.5393
2020-01-09,5.5391
2020-01-10,5.5391
2020-01-11,5.5391
2020-01-12,5.5391
2020-01-13,5.5396
2020-01-14,5.5394
2020-01-15,5.5397
2020-01-16,5.539
2020-01-17,5.537
2020-01-18,5.537
2020-01-19,5.537
2020-01-20,5.537
2020-01-21,5.5375
2020-01-22,5.5365
2020-01-23,5.5345
2020-01-24,5.5295
2020-01-25,5.5295
2020-01-26,5.5295
2020-01-27,5.5245
2020-01-28,5.5215
2020-01-29,5.5215
2020-01-30,5.5014
2020-01-31,5.4699
2020-02-01,5.4699
2020-02-02,5.4699
2020-02-03,5.4144
2020-02-04,5.3687
2020-02-05,5.3637
2020-02-06,5.3637
2020-02-07,5.3635
2020-02-08,5.3635
2020-02-09,5.3635
2020-02-10,5.3628
2020-02-11,5.3623
2020-02-12,5.3323
2020-02-13,5.3022
2020-02-14,5.3002
2020-02-15,5.3002
2020-02-16,5.3002
2020-02-17,5.2902
2020-02-18,5.2902
2020-02-19,5.2905
2020-02-20,5.2855
2020-02-21,5.2855
2020-02-22,5.2855
2020-02-23,5.2855
2020-02-24,5.2845
2020-02-25,5.2895
2020-02-26,5.297
2020-02-27,5.297
2020-02-28,5.2975
2020-02-29,5.2975
2020-03-01,5.2975
2020-03-02,5.299
2020-03-03,5.3
2020-03-04,5.3027
2020-03-05,5.3027
2020-03-06,5.3027
2020-03-07,5.3027
2020-03-08,5.3027
2020-03-09,5.3057
2020-03-10,5.3155
2020-03-11,5.3207
2020-03-12,5.3305
2020-03-13,5.3305
2020-03-14,5.3305
2020-03-15,5.3305
2020-03-16,5.3403
2020-03-17,5.3508
2020-03-18,5.3507
2020-03-19,5.3527
2020-03-20,5.363
2020-03-21,5.363
2020-03-22,5.363
2020-03-23,5.374
2020-03-24,5.399
2020-03-25,5.4388
2020-03-26,5.4406
2020-03-27,5.4404
2020-03-28,5.4404
2020-03-29,5.4404
2020-03-30,5.4401
2020-03-31,5.445
2020-04-01,5.445
2020-04-02,5.4527
2020-04-03,5.4637
2020-04-04,5.4637
2020-04-05,5.4637
2020-04-06,5.5035
2020-04-07,5.5033
2020-04-08,5.5053
2020-04-09,5.5083
2020-04-10,5.5083
2020-04-11,5.5083
2020-04-12,5.5083
2020-04-13,5.5083
2020-04-14,5.5133
2020-04-15,5.5131
2020-04-16,5.5128
2020-04-17,5.5128
2020-04-18,5.5128
2020-04-19,5.5128
2020-04-20,5.5176
2020-04-21,5.5176
2020-04-22,5.5275
2020-04-23,5.5275
2020-04-24,5.5477
2020-04-25,5.5477
2020-04-26,5.5477
2020-04-27,5.5507
2020-04-28,5.5609
2020-04-29,5.5713
2020-04-30,5.6038
2020-05-01,5.6038
2020-05-02,5.6038
2020-05-03,5.6038
2020-05-04,5.6038
2020-05-05,5.6028
2020-05-06,5.6028
2020-05-07,5.6038
2020-05-08,5.6057
2020-05-09,5.6057
2020-05-10,5.6057
2020-05-11,5.6077
2020-05-12,5.6107
2020-05-13,5.6157
2020-05-14,5.6157
2020-05-15,5.6155
2020-05-16,5.6155
2020-05-17,5.6155
2020-05-18,5.6185
2020-05-19,5.6183
2020-05-20,5.6183
2020-05-21,5.6181
2020-05-22,5.6181
2020-05-23,5.6181
2020-05-24,5.6181
2020-05-25,5.6181
2020-05-26,5.6181
2020-05-27,5.6211
2020-05-28,5.6221
2020-05-29,5.6231
2020-05-30,5.6231
2020-05-31,5.6231
2020-06-01,5.623
2020-06-02,5.623
2020-06-03,5.624
2020-06-04,5.6238
2020-06-05,5.6258
2020-06-06,5.6258
2020-06-07,5.6258
2020-06-08,5.6256
2020-06-09,5.6306
2020-06-10,5.6306
2020-06-11,5.6336
2020-06-12,5.6528
2020-06-13,5.6528
2020-06-14,5.6528
2020-06-15,5.6527
2020-06-16,5.6547
2020-06-17,5.6544
2020-06-18,5.6539
2020-06-19,5.6549
2020-06-20,5.6549
2020-06-21,5.6549
2020-06-22,5.6547
2020-06-23,5.6557
2020-06-24,5.6557
2020-06-25,5.6605
2020-06-26,5.6707
2020-06-27,5.6707
2020-06-28,5.6707
2020-06-29,5.6702
2020-06-30,5.6702
2020-07-01,5.67
2020-07-02,5.671
2020-07-03,5.671
2020-07-04,5.671
2020-07-05,5.671
2020-07-06,5.6708
2020-07-07,5.6707
2020-07-08,5.6728
2020-07-09,5.6728
2020-07-10,5.6748
2020-07-11,5.6748
2020-07-12,5.6748
2020-07-13,5.6746
2020-07-14,5.6743
2020-07-15,5.6738
2020-07-16,5.6738
2020-07-17,5.6737
2020-07-18,5.6737
2020-07-19,5.6737
2020-07-20,5.6742
2020-07-21,5.6762
2020-07-22,5.6772
2020-07-23,5.6792
2020-07-24,5.6807
2020-07-25,5.6807
2020-07-26,5.6807
2020-07-27,5.6807
2020-07-28,5.6806
2020-07-29,5.6811
2020-07-30,5.681
2020-07-31,5.681
2020-08-01,5.681
2020-08-02,5.681
2020-08-03,5.6815
2020-08-04,5.6815
2020-08-05,5.6815
2020-08-06,5.6815
2020-08-07,5.6825
2020-08-08,5.6825
2020-08-09,5.6825
2020-08-10,5.6824
2020-08-11,5.6824
2020-08-12,5.6834
2020-08-13,5.6834
2020-08-14,5.6834
2020-08-15,5.6834
2020-08-16,5.6834
2020-08-17,5.6837
2020-08-18,5.6849
2020-08-19,5.6849
2020-08-20,5.6859
2020-08-21,5.6859
2020-08-22,5.6859
2020-08-23,5.6859
2020-08-24,5.6862
2020-08-25,5.6862
2020-08-26,5.6857
2020-08-27,5.6857
2020-08-28,5.6876
2020-08-29,5.6876
2020-08-30,5.6876
2020-08-31,5.6876
2020-09-01,5.6886
2020-09-02,5.6886
2020-09-03,5.6906
2020-09-04,5.6969
2020-09-05,5.6969
2020-09-06,5.6969
2020-09-07,5.6969
2020-09-08,5.6967
2020-09-09,5.6967
2020-09-10,5.6997
2020-09-11,5.6995
2020-09-12,5.6995
2020-09-13,5.6995
2020-09-14,5.7029
2020-09-15,5.7029
2020-09-16,5.7023
2020-09-17,5.7023
2020-09-18,5.7029
2020-09-19,5.7029
2020-09-20,5.7029
2020-09-21,5.7029
2020-09-22,5.7029
2020-09-23,5.7039
2020-09-24,5.7039
2020-09-25,5.7049
2020-09-26,5.7049
2020-09-27,5.7049
2020-09-28,5.7048
2020-09-29,5.7058
2020-09-30,5.7056
2020-10-01,5.7056
2020-10-02,5.7058
2020-10-03,5.7058
2020-10-04,5.7058
2020-10-05,5.7058
2020-10-06,5.7056
2020-10-07,5.7056
2020-10-08,5.7061
2020-10-09,5.7061
2020-10-10,5.7061
2020-10-11,5.7061
2020-10-12,5.7061
2020-10-13,5.7066
2020-10-14,5.7065
2020-10-15,5.7065
2020-10-16,5.7085
2020-10-17,5.7085
2020-10-18,5.7085
2020-10-19,5.7085
2020-10-20,5.7095
2020-10-21,5.7095
2020-10-22,5.7105
2020-10-23,5.7105
2020-10-24,5.7105
2020-10-25,5.7105
2020-10-26,5.7104
2020-10-27,5.7119
2020-10-28,5.7119
2020-10-29,5.7129
2020-10-30,5.7129
2020-10-31,5.7129
2020-11-01,5.7129
2020-11-02,5.7139
2020-11-03,5.7139
2020-11-04,5.7138
2020-11-05,5.7138
2020-11-06,5.7136
2020-11-07,5.7136
2020-11-08,5.7136
2020-11-09,5.7139
2020-11-10,5.7141
2020-11-11,5.7141
2020-11-12,5.7146
2020-11-13,5.7146
2020-11-14,5.7146
2020-11-15,5.7146
2020-11-16,5.7149
2020-11-17,5.7148
2020-11-18,5.7154
2020-11-19,5.7154
2020-11-20,5.7159
2020-11-21,5.7159
2020-11-22,5.7159
2020-11-23,5.7159
2020-11-24,5.7158
2020-11-25,5.7158
2020-11-26,5.7158
2020-11-27,5.7163
2020-11-28,5.7163
2020-11-29,5.7163
2020-11-30,5.7168
2020-12-01,5.7173
2020-12-02,5.7173
2020-12-03,5.7171
2020-12-04,5.7171
2020-12-05,5.7171
2020-12-06,5.7171
2020-12-07,5.7171
2020-12-08,5.7171
2020-12-09,5.7171
2020-12-10,5.7174
2020-12-11,5.7174
2020-12-12,5.7174
2020-12-13,5.7174
2020-12-14,5.7184
2020-12-15,5.7189
2020-12-16,5.7189
2020-12-17,5.7194
2020-12-18,5.7224
2020-12-19,5.7224
2020-12-20,5.7224
2020-12-21,5.7221
2020-12-22,5.7231
2020-12-23,5.7241
2020-12-24,5.7351
2020-12-25,5.7351
2020-12-26,5.7351
2020-12-27,5.7351
2020-12-28,5.7351
2020-12-29,5.7351
2020-12-30,5.7371
2020-12-31,5.7631
