Date,USDGHS,GBPGHS
31 Dec 2020,7.8787,5.7631
30 Dec 2020,7.8087,5.7371
29 Dec 2020,7.7383,5.7351
24 Dec 2020,7.7779,5.7351
23 Dec 2020,7.7344,5.7241
22 Dec 2020,7.6517,5.7231
21 Dec 2020,7.6138,5.7221
18 Dec 2020,7.7172,5.7224
17 Dec 2020,7.7675,5.7194
16 Dec 2020,7.7273,5.7189
15 Dec 2020,7.6484,5.7189
14 Dec 2020,7.6432,5.7184
11 Dec 2020,7.5578,5.7174
10 Dec 2020,7.6075,5.7174
09 Dec 2020,7.6734,5.7171
08 Dec 2020,7.6134,5.7171
04 Dec 2020,7.7123,5.7171
03 Dec 2020,7.7100,5.7171
02 Dec 2020,7.6182,5.7173
01 Dec 2020,7.6411,5.7173
30 Nov 2020,7.6467,5.7168
27 Nov 2020,7.6335,5.7163
26 Nov 2020,7.6157,5.7158
25 Nov 2020,7.6477,5.7158
24 Nov 2020,7.6305,5.7158
23 Nov 2020,7.5947,5.7159
20 Nov 2020,7.5941,5.7159
19 Nov 2020,7.5580,5.7154
18 Nov 2020,7.6037,5.7154
17 Nov 2020,7.5709,5.7148
16 Nov 2020,7.5408,5.7149
13 Nov 2020,7.5209,5.7146
12 Nov 2020,7.5106,5.7146
11 Nov 2020,7.5494,5.7141
10 Nov 2020,7.5837,5.7141
09 Nov 2020,7.5280,5.7139
06 Nov 2020,7.4870,5.7136
05 Nov 2020,7.4804,5.7138
04 Nov 2020,7.4285,5.7138
03 Nov 2020,7.4486,5.7139
02 Nov 2020,7.3732,5.7139
30 Oct 2020,7.3953,5.7129
29 Oct 2020,7.3616,5.7129
28 Oct 2020,7.4123,5.7119
27 Oct 2020,7.4477,5.7119
26 Oct 2020,7.4377,5.7104
23 Oct 2020,7.4539,5.7105
22 Oct 2020,7.4778,5.7105
21 Oct 2020,7.5056,5.7095
20 Oct 2020,7.4057,5.7095
19 Oct 2020,7.4221,5.7085
16 Oct 2020,7.3782,5.7085
15 Oct 2020,7.3716,5.7065
14 Oct 2020,7.4281,5.7065
13 Oct 2020,7.3934,5.7066
12 Oct 2020,7.4544,5.7061
09 Oct 2020,7.4190,5.7061
08 Oct 2020,7.3859,5.7061
07 Oct 2020,7.3733,5.7056
06 Oct 2020,7.3927,5.7056
05 Oct 2020,7.3992,5.7058
02 Oct 2020,7.3815,5.7058
01 Oct 2020,7.3579,5.7056
30 Sep 2020,7.3624,5.7056
29 Sep 2020,7.3342,5.7058
28 Sep 2020,7.3300,5.7048
25 Sep 2020,7.2452,5.7049
24 Sep 2020,7.2530,5.7039
23 Sep 2020,7.2798,5.7039
22 Sep 2020,7.2614,5.7029
18 Sep 2020,7.3886,5.7029
17 Sep 2020,7.3857,5.7023
16 Sep 2020,7.4034,5.7023
15 Sep 2020,7.3276,5.7029
14 Sep 2020,7.3401,5.7029
11 Sep 2020,7.2857,5.6995
10 Sep 2020,7.3333,5.6997
09 Sep 2020,7.4155,5.6967
08 Sep 2020,7.4257,5.6967
07 Sep 2020,7.5069,5.6969
04 Sep 2020,7.5200,5.6969
03 Sep 2020,7.5441,5.6906
02 Sep 2020,7.5653,5.6886
01 Sep 2020,7.6529,5.6886
31 Aug 2020,7.6038,5.6876
28 Aug 2020,7.5850,5.6876
27 Aug 2020,7.4961,5.6857
26 Aug 2020,7.4967,5.6857
25 Aug 2020,7.4700,5.6862
24 Aug 2020,7.4302,5.6862
21 Aug 2020,7.4452,5.6859
20 Aug 2020,7.4696,5.6859
19 Aug 2020,7.4939,5.6849
18 Aug 2020,7.5212,5.6849
17 Aug 2020,7.4457,5.6837
14 Aug 2020,7.4481,5.6834
13 Aug 2020,7.4362,5.6834
12 Aug 2020,7.4158,5.6834
11 Aug 2020,7.4349,5.6824
10 Aug 2020,7.4343,5.6824
07 Aug 2020,7.4117,5.6825
06 Aug 2020,7.4661,5.6815
05 Aug 2020,7.4565,5.6815
03 Aug 2020,7.4252,5.6815
30 Jul 2020,7.4098,5.6810
29 Jul 2020,7.3673,5.6811
28 Jul 2020,7.3513,5.6806
27 Jul 2020,7.3202,5.6807
24 Jul 2020,7.2640,5.6807
23 Jul 2020,7.2371,5.6792
22 Jul 2020,7.2243,5.6772
21 Jul 2020,7.2372,5.6762
20 Jul 2020,7.1785,5.6742
17 Jul 2020,7.1149,5.6737
16 Jul 2020,7.1541,5.6738
15 Jul 2020,7.1479,5.6738
14 Jul 2020,7.1065,5.6743
13 Jul 2020,7.1625,5.6746
10 Jul 2020,7.1809,5.6748
09 Jul 2020,7.1574,5.6728
08 Jul 2020,7.1421,5.6728
07 Jul 2020,7.1378,5.6707
06 Jul 2020,7.0800,5.6708
03 Jul 2020,7.0701,5.6710
02 Jul 2020,7.0661,5.6710
01 Jul 2020,7.0660,5.6700
30 Jun 2020,7.0084,5.6702
29 Jun 2020,6.9619,5.6702
26 Jun 2020,6.9909,5.6707
25 Jun 2020,7.0219,5.6605
24 Jun 2020,7.0267,5.6557
23 Jun 2020,7.0861,5.6557
22 Jun 2020,7.0384,5.6547
19 Jun 2020,6.9906,5.6549
18 Jun 2020,7.0165,5.6539
17 Jun 2020,7.0895,5.6544
16 Jun 2020,7.1250,5.6547
15 Jun 2020,7.1004,5.6527
12 Jun 2020,7.0751,5.6528
11 Jun 2020,7.1153,5.6336
10 Jun 2020,7.1824,5.6306
09 Jun 2020,7.1734,5.6306
08 Jun 2020,7.1389,5.6256
05 Jun 2020,7.1453,5.6258
04 Jun 2020,7.0883,5.6238
03 Jun 2020,7.0874,5.6240
02 Jun 2020,7.0670,5.6230
01 Jun 2020,7.0209,5.6230
29 May 2020,6.9232,5.6231
28 May 2020,6.9287,5.6221
27 May 2020,6.8718,5.6211
26 May 2020,6.9339,5.6181
22 May 2020,6.8462,5.6181
21 May 2020,6.8771,5.6181
20 May 2020,6.8931,5.6183
19 May 2020,6.8791,5.6183
18 May 2020,6.8495,5.6185
15 May 2020,6.8060,5.6155
14 May 2020,6.8512,5.6157
13 May 2020,6.8646,5.6157
12 May 2020,6.9090,5.6107
11 May 2020,6.9233,5.6077
08 May 2020,6.9713,5.6057
07 May 2020,6.8831,5.6038
06 May 2020,6.9279,5.6028
05 May 2020,6.9783,5.6028
04 May 2020,7.0625,5.6038
30 Apr 2020,7.0625,5.6038
29 Apr 2020,6.9273,5.5713
28 Apr 2020,6.9205,5.5609
27 Apr 2020,6.8934,5.5507
24 Apr 2020,6.8403,5.5477
23 Apr 2020,6.8408,5.5275
22 Apr 2020,6.8176,5.5275
21 Apr 2020,6.7811,5.5176
20 Apr 2020,6.8716,5.5176
17 Apr 2020,6.8871,5.5128
16 Apr 2020,6.8518,5.5128
15 Apr 2020,6.8930,5.5131
14 Apr 2020,6.9406,5.5133
09 Apr 2020,6.8682,5.5083
08 Apr 2020,6.8177,5.5053
07 Apr 2020,6.7976,5.5033
06 Apr 2020,6.7626,5.5035
03 Apr 2020,6.6925,5.4637
02 Apr 2020,6.7663,5.4527
01 Apr 2020,6.7518,5.4450
31 Mar 2020,6.7627,5.4450
30 Mar 2020,6.7327,5.4401
27 Mar 2020,6.7042,5.4404
26 Mar 2020,6.5717,5.4406
25 Mar 2020,6.3487,5.4388
24 Mar 2020,6.3330,5.3990
23 Mar 2020,6.2424,5.3740
20 Mar 2020,6.3283,5.3630
19 Mar 2020,6.2755,5.3527
18 Mar 2020,6.3170,5.3507
17 Mar 2020,6.4573,5.3508
16 Mar 2020,6.5728,5.3403
13 Mar 2020,6.6732,5.3305
12 Mar 2020,6.7169,5.3305
11 Mar 2020,6.8695,5.3207
10 Mar 2020,6.9096,5.3155
09 Mar 2020,6.9748,5.3057
05 Mar 2020,6.8516,5.3027
04 Mar 2020,6.7932,5.3027
03 Mar 2020,6.7772,5.3000
02 Mar 2020,6.7727,5.2990
28 Feb 2020,6.7925,5.2975
27 Feb 2020,6.8231,5.2970
26 Feb 2020,6.8470,5.2970
25 Feb 2020,6.8727,5.2895
24 Feb 2020,6.8329,5.2845
21 Feb 2020,6.8585,5.2855
20 Feb 2020,6.8078,5.2855
19 Feb 2020,6.8528,5.2905
18 Feb 2020,6.8932,5.2902
17 Feb 2020,6.8842,5.2902
14 Feb 2020,6.8977,5.3002
13 Feb 2020,6.9184,5.3022
12 Feb 2020,6.9117,5.3323
11 Feb 2020,6.9501,5.3623
10 Feb 2020,6.9394,5.3628
07 Feb 2020,6.9479,5.3635
06 Feb 2020,6.9503,5.3637
05 Feb 2020,6.9674,5.3637
04 Feb 2020,6.9959,5.3687
03 Feb 2020,7.0496,5.4144
31 Jan 2020,7.1962,5.4699
30 Jan 2020,7.1964,5.5014
29 Jan 2020,7.1845,5.5215
28 Jan 2020,7.1762,5.5215
27 Jan 2020,7.2155,5.5245
24 Jan 2020,7.2281,5.5295
23 Jan 2020,7.2546,5.5345
22 Jan 2020,7.2733,5.5365
21 Jan 2020,7.2308,5.5375
20 Jan 2020,7.1969,5.5370
17 Jan 2020,7.2130,5.5370
16 Jan 2020,7.2245,5.5390
15 Jan 2020,7.2010,5.5397
14 Jan 2020,7.2006,5.5394
13 Jan 2020,7.1904,5.5396
10 Jan 2020,7.2412,5.5391
09 Jan 2020,7.2301,5.5391
08 Jan 2020,7.2742,5.5393
06 Jan 2020,7.2748,5.5368
03 Jan 2020,7.2385,5.5370
02 Jan 2020,7.2806,5.5370
31 Dec 2019,7.3203,5.5365
30 Dec 2019,7.2698,5.5406
27 Dec 2019,7.2550,5.5416
24 Dec 2019,7.1798,5.5421
23 Dec 2019,7.1641,5.5424
20 Dec 2019,7.2333,5.5424
19 Dec 2019,7.2196,5.5429
18 Dec 2019,7.2492,5.5431
17 Dec 2019,7.2963,5.5431
16 Dec 2019,7.3947,5.5433
13 Dec 2019,7.3832,5.5413
12 Dec 2019,7.2859,5.5415
11 Dec 2019,7.3042,5.5415
10 Dec 2019,7.3016,5.5395
09 Dec 2019,7.2863,5.5397
05 Dec 2019,7.2797,5.5397
04 Dec 2019,7.2675,5.5397
03 Dec 2019,7.1994,5.5397
02 Dec 2019,7.1512,5.5282
29 Nov 2019,7.1369,5.5282
28 Nov 2019,7.1033,5.5039
27 Nov 2019,7.0862,5.5039
26 Nov 2019,7.0730,5.5039
25 Nov 2019,6.9403,5.3801
22 Nov 2019,6.9115,5.3803
21 Nov 2019,6.9529,5.3803
20 Nov 2019,6.9407,5.3700
19 Nov 2019,6.9509,5.3675
18 Nov 2019,6.9532,5.3660
15 Nov 2019,6.9269,5.3635
14 Nov 2019,6.8856,5.3635
13 Nov 2019,6.8816,5.3620
12 Nov 2019,6.8884,5.3623
11 Nov 2019,6.8999,5.3625
08 Nov 2019,6.8736,5.3625
07 Nov 2019,6.8747,5.3625
06 Nov 2019,6.8945,5.3625
05 Nov 2019,6.8921,5.3527
04 Nov 2019,6.8997,5.3449
01 Nov 2019,6.9183,5.3399
31 Oct 2019,6.9050,5.3399
30 Oct 2019,6.8724,5.3399
29 Oct 2019,6.8737,5.3351
28 Oct 2019,6.8606,5.3349
25 Oct 2019,6.8473,5.3349
24 Oct 2019,6.8387,5.3299
23 Oct 2019,6.8706,5.3302
22 Oct 2019,6.8913,5.3252
21 Oct 2019,6.9118,5.3242
18 Oct 2019,6.8682,5.3242
17 Oct 2019,6.8333,5.3232
16 Oct 2019,6.8154,5.3237
15 Oct 2019,6.8012,5.3247
14 Oct 2019,6.6931,5.3247
11 Oct 2019,6.7578,5.3245
10 Oct 2019,6.5504,5.3225
09 Oct 2019,6.5022,5.3227
08 Oct 2019,6.5019,5.3229
07 Oct 2019,6.5592,5.3228
04 Oct 2019,6.5379,5.3180
03 Oct 2019,6.5996,5.3180
02 Oct 2019,6.5484,5.3183
01 Oct 2019,6.5521,5.3183
30 Sep 2019,6.5447,5.3188
27 Sep 2019,6.5485,5.3188
26 Sep 2019,6.5611,5.3191
25 Sep 2019,6.5821,5.3193
24 Sep 2019,6.6419,5.3195
20 Sep 2019,6.6468,5.3196
19 Sep 2019,6.6343,5.3147
18 Sep 2019,6.6322,5.3122
17 Sep 2019,6.5988,5.3122
16 Sep 2019,6.5957,5.3097
13 Sep 2019,6.6132,5.3097
12 Sep 2019,6.5553,5.3097
11 Sep 2019,6.5447,5.3067
10 Sep 2019,6.5564,5.3067
09 Sep 2019,6.5578,5.3057
06 Sep 2019,6.5344,5.3057
05 Sep 2019,6.5419,5.3027
04 Sep 2019,6.4703,5.3027
03 Sep 2019,6.3949,5.2898
02 Sep 2019,6.3773,5.2840
30 Aug 2019,6.4338,5.2840
29 Aug 2019,6.4423,5.2840
28 Aug 2019,6.4569,5.2830
27 Aug 2019,6.4807,5.2830
26 Aug 2019,6.4582,5.2815
23 Aug 2019,6.4680,5.2800
22 Aug 2019,6.4662,5.2790
21 Aug 2019,6.4081,5.2776
20 Aug 2019,6.4054,5.2776
19 Aug 2019,6.4096,5.2776
16 Aug 2019,6.4031,5.2726
15 Aug 2019,6.3858,5.2692
14 Aug 2019,6.3552,5.2666
13 Aug 2019,6.3605,5.2666
09 Aug 2019,6.3580,5.2641
08 Aug 2019,6.4163,5.2865
07 Aug 2019,6.4014,5.2630
06 Aug 2019,6.3932,5.2606
02 Aug 2019,6.3747,5.2592
01 Aug 2019,6.3748,5.2597
31 Jul 2019,6.4309,5.2596
30 Jul 2019,6.3978,5.2596
29 Jul 2019,6.4460,5.2577
26 Jul 2019,6.5137,5.2572
25 Jul 2019,6.5690,5.2581
24 Jul 2019,6.5685,5.2586
23 Jul 2019,6.5518,5.2591
22 Jul 2019,6.5707,5.2591
19 Jul 2019,6.5741,5.2576
18 Jul 2019,6.5627,5.2556
17 Jul 2019,6.5315,5.2546
16 Jul 2019,6.5198,5.2541
15 Jul 2019,6.5783,5.2551
12 Jul 2019,6.6029,5.2571
11 Jul 2019,6.5997,5.2600
10 Jul 2019,6.5758,5.2606
09 Jul 2019,6.5601,5.2611
08 Jul 2019,6.5848,5.2611
05 Jul 2019,6.5813,5.2621
04 Jul 2019,6.6172,5.2601
03 Jul 2019,6.6098,5.2601
02 Jul 2019,6.6288,5.2601
01 Jul 2019,6.6552,5.2606
28 Jun 2019,6.6828,5.2616
27 Jun 2019,6.6775,5.2616
26 Jun 2019,6.6740,5.2626
25 Jun 2019,6.6928,5.2596
24 Jun 2019,6.6852,5.2548
21 Jun 2019,6.6815,5.2548
20 Jun 2019,6.6695,5.2528
19 Jun 2019,6.6352,5.2523
18 Jun 2019,6.5911,5.2523
17 Jun 2019,6.6003,5.2525
14 Jun 2019,6.6100,5.2427
13 Jun 2019,6.6413,5.2380
12 Jun 2019,6.6595,5.2330
11 Jun 2019,6.6579,5.2330
10 Jun 2019,6.6343,5.2280
07 Jun 2019,6.6632,5.2285
06 Jun 2019,6.6459,5.2285
04 Jun 2019,6.6086,5.2135
03 Jun 2019,6.5720,5.2035
31 May 2019,6.5676,5.2037
30 May 2019,6.5019,5.1529
29 May 2019,6.4785,5.1327
28 May 2019,6.5052,5.1327
27 May 2019,6.4877,5.1177
24 May 2019,6.4995,5.1177
23 May 2019,6.4816,5.1165
22 May 2019,6.4703,5.1096
21 May 2019,6.5218,5.1055
20 May 2019,6.4990,5.1061
17 May 2019,6.4956,5.1010
16 May 2019,6.5255,5.1000
15 May 2019,6.5632,5.0980
14 May 2019,6.5867,5.0965
13 May 2019,6.6048,5.0967
10 May 2019,6.6394,5.0947
09 May 2019,6.6320,5.0937
08 May 2019,6.6656,5.0937
07 May 2019,6.6444,5.0927
06 May 2019,6.6661,5.0917
03 May 2019,6.6973,5.0922
02 May 2019,6.6374,5.0916
30 Apr 2019,6.6318,5.0906
29 Apr 2019,6.5801,5.0906
26 Apr 2019,6.5849,5.0904
25 Apr 2019,6.5702,5.0904
24 Apr 2019,6.5918,5.0902
23 Apr 2019,6.5889,5.0903
18 Apr 2019,6.6148,5.0903
17 Apr 2019,6.6402,5.0883
16 Apr 2019,6.6395,5.0885
15 Apr 2019,6.6695,5.0885
12 Apr 2019,6.6591,5.0887
11 Apr 2019,6.6545,5.0887
10 Apr 2019,6.6618,5.0877
09 Apr 2019,6.6463,5.0875
08 Apr 2019,6.6387,5.0875
05 Apr 2019,6.6216,5.0877
04 Apr 2019,6.6519,5.0879
03 Apr 2019,6.7007,5.0882
02 Apr 2019,6.6401,5.0882
01 Apr 2019,6.6724,5.0884
29 Mar 2019,6.6208,5.0859
28 Mar 2019,6.6608,5.0850
27 Mar 2019,6.7249,5.0850
26 Mar 2019,6.7187,5.0830
25 Mar 2019,6.7258,5.0830
22 Mar 2019,6.7201,5.0829
21 Mar 2019,6.7654,5.1617
20 Mar 2019,6.9229,5.2426
19 Mar 2019,6.9527,5.2426
18 Mar 2019,6.9213,5.2426
15 Mar 2019,6.9611,5.2426
14 Mar 2019,6.9590,5.2426
13 Mar 2019,6.9124,5.2426
12 Mar 2019,6.8872,5.2426
11 Mar 2019,6.8547,5.2378
08 Mar 2019,6.8199,5.2228
07 Mar 2019,6.8282,5.2128
05 Mar 2019,6.8328,5.2028
04 Mar 2019,6.8651,5.2028
01 Mar 2019,6.9078,5.2028
28 Feb 2019,6.8751,5.1778
27 Feb 2019,6.8670,5.1577
26 Feb 2019,6.7264,5.1027
25 Feb 2019,6.5876,5.0352
22 Feb 2019,6.5458,5.0252
21 Feb 2019,6.5420,5.0192
20 Feb 2019,6.5490,5.0142
19 Feb 2019,6.5004,5.0092
18 Feb 2019,6.4699,5.0042
15 Feb 2019,6.4169,5.0042
14 Feb 2019,6.3941,5.0040
13 Feb 2019,6.4568,5.0041
12 Feb 2019,6.4465,5.0031
11 Feb 2019,6.4401,5.0028
08 Feb 2019,6.4780,5.0027
07 Feb 2019,6.4546,4.9727
06 Feb 2019,6.4334,4.9625
05 Feb 2019,6.4266,4.9626
04 Feb 2019,6.4692,4.9550
01 Feb 2019,6.4777,4.9550
31 Jan 2019,6.5162,4.9530
30 Jan 2019,6.4753,4.9509
29 Jan 2019,6.5188,4.9452
28 Jan 2019,6.5185,4.9454
25 Jan 2019,6.4885,4.9429
24 Jan 2019,6.4451,4.9403
23 Jan 2019,6.4399,4.9329
22 Jan 2019,6.3667,4.9228
21 Jan 2019,6.3250,4.9126
18 Jan 2019,6.3431,4.9126
17 Jan 2019,6.3406,4.9076
16 Jan 2019,6.3152,4.9027
15 Jan 2019,6.2829,4.8925
14 Jan 2019,6.2676,4.8775
11 Jan 2019,6.2309,4.8675
10 Jan 2019,6.1892,4.8524
09 Jan 2019,6.2005,4.8449
08 Jan 2019,6.1614,4.8389
04 Jan 2019,6.1081,4.8358
03 Jan 2019,6.0869,4.8328
02 Jan 2019,6.0880,4.8291
31 Dec 2018,6.1746,4.8224
28 Dec 2018,6.1153,4.8224
27 Dec 2018,6.0991,4.8214
24 Dec 2018,6.1357,4.8214
21 Dec 2018,6.0938,4.8207
20 Dec 2018,6.1020,4.8207
19 Dec 2018,6.1029,4.8202
18 Dec 2018,6.0955,4.8186
17 Dec 2018,6.0776,4.8166
14 Dec 2018,6.0458,4.8166
13 Dec 2018,6.0878,4.8163
12 Dec 2018,6.0764,4.8164
11 Dec 2018,6.0619,4.8164
10 Dec 2018,6.0878,4.8144
06 Dec 2018,6.1482,4.8119
05 Dec 2018,6.1246,4.8104
04 Dec 2018,6.1347,4.8104
03 Dec 2018,6.1246,4.8104
30 Nov 2018,6.1288,4.8084
29 Nov 2018,6.1370,4.8024
28 Nov 2018,6.1309,4.7969
27 Nov 2018,6.1108,4.7939
26 Nov 2018,6.1544,4.7939
23 Nov 2018,6.1417,4.7941
22 Nov 2018,6.1681,4.7926
21 Nov 2018,6.1340,4.7926
20 Nov 2018,6.1467,4.7924
19 Nov 2018,6.1630,4.7916
16 Nov 2018,6.1517,4.7918
15 Nov 2018,6.1297,4.7918
14 Nov 2018,6.2292,4.7913
13 Nov 2018,6.2104,4.7912
12 Nov 2018,6.1827,4.7917
09 Nov 2018,6.2517,4.7917
08 Nov 2018,6.2810,4.7910
07 Nov 2018,6.3010,4.7916
06 Nov 2018,6.2648,4.7918
05 Nov 2018,6.2427,4.7914
02 Nov 2018,6.2220,4.7917
01 Nov 2018,6.2053,4.7917
31 Oct 2018,6.1150,4.7923
30 Oct 2018,6.1092,4.7923
29 Oct 2018,6.1389,4.7923
26 Oct 2018,6.1399,4.7919
25 Oct 2018,6.1461,4.7919
24 Oct 2018,6.1893,4.7927
23 Oct 2018,6.2226,4.7929
22 Oct 2018,6.2226,4.7936
19 Oct 2018,6.2533,4.7944
18 Oct 2018,6.2699,4.7953
17 Oct 2018,6.3035,4.7968
16 Oct 2018,6.3430,4.7977
15 Oct 2018,6.3133,4.7984
12 Oct 2018,6.3154,4.7986
11 Oct 2018,6.3398,4.7996
10 Oct 2018,6.3350,4.7996
09 Oct 2018,6.2849,4.7987
08 Oct 2018,6.2669,4.7982
05 Oct 2018,6.2741,4.7982
04 Oct 2018,6.2518,4.7973
03 Oct 2018,6.2422,4.7973
02 Oct 2018,6.2113,4.7842
01 Oct 2018,6.2436,4.7822
28 Sep 2018,6.2178,4.7800
27 Sep 2018,6.2710,4.7750
26 Sep 2018,6.2900,4.7735
25 Sep 2018,6.2837,4.7712
24 Sep 2018,6.2637,4.7691
20 Sep 2018,6.3207,4.7689
19 Sep 2018,6.2726,4.7679
18 Sep 2018,6.2685,4.7680
17 Sep 2018,6.2653,4.7630
14 Sep 2018,6.2339,4.7631
13 Sep 2018,6.2375,4.7618
12 Sep 2018,6.2022,4.7618
11 Sep 2018,6.1857,4.7593
10 Sep 2018,6.1938,4.7568
07 Sep 2018,6.1503,4.7548
06 Sep 2018,6.1449,4.7510
05 Sep 2018,6.1088,4.7315
04 Sep 2018,6.0680,4.7292
03 Sep 2018,6.0867,4.7264
31 Aug 2018,6.1377,4.7264
30 Aug 2018,6.1429,4.7253
29 Aug 2018,6.1357,4.7234
28 Aug 2018,6.0846,4.7219
27 Aug 2018,6.0867,4.7206
24 Aug 2018,6.0706,4.7209
23 Aug 2018,6.0503,4.7194
22 Aug 2018,6.0943,4.7188
20 Aug 2018,6.0240,4.7158
17 Aug 2018,6.0042,4.7162
16 Aug 2018,5.9951,4.7102
15 Aug 2018,5.9806,4.7084
14 Aug 2018,6.0017,4.7065
13 Aug 2018,6.0044,4.7042
10 Aug 2018,6.0094,4.7022
09 Aug 2018,6.0504,4.7015
08 Aug 2018,6.0521,4.7003
07 Aug 2018,6.0837,4.7004
06 Aug 2018,6.0805,4.6983
03 Aug 2018,6.1190,4.6986
02 Aug 2018,6.1226,4.6974
01 Aug 2018,6.1652,4.6966
31 Jul 2018,6.1601,4.6966
30 Jul 2018,6.1750,4.6969
27 Jul 2018,6.1629,4.6970
26 Jul 2018,6.1784,4.6970
25 Jul 2018,6.1748,4.6957
24 Jul 2018,6.1746,4.6948
23 Jul 2018,6.1541,4.6928
20 Jul 2018,6.1506,4.6915
19 Jul 2018,6.0895,4.6893
18 Jul 2018,6.1237,4.6882
17 Jul 2018,6.1653,4.6888
16 Jul 2018,6.2020,4.6875
13 Jul 2018,6.1913,4.6865
12 Jul 2018,6.1984,4.6855
11 Jul 2018,6.2001,4.6850
10 Jul 2018,6.1127,4.6071
09 Jul 2018,6.0259,4.5441
06 Jul 2018,6.0175,4.5340
05 Jul 2018,5.9941,4.5314
04 Jul 2018,5.9860,4.5287
03 Jul 2018,5.9724,4.5287
29 Jun 2018,5.9724,4.5252
28 Jun 2018,5.9201,4.5219
27 Jun 2018,5.9264,4.5119
26 Jun 2018,5.9698,4.5089
25 Jun 2018,5.9437,4.4804
22 Jun 2018,5.9310,4.4742
21 Jun 2018,5.9228,4.4697
20 Jun 2018,5.8916,4.4667
19 Jun 2018,5.8796,4.4620
18 Jun 2018,5.9055,4.4580
14 Jun 2018,5.9412,4.4557
13 Jun 2018,5.9574,4.4528
12 Jun 2018,5.9703,4.4501
11 Jun 2018,5.9525,4.4475
08 Jun 2018,5.9576,4.4450
07 Jun 2018,5.9714,4.4400
06 Jun 2018,5.9524,4.4361
05 Jun 2018,5.9220,4.4323
04 Jun 2018,5.8969,4.4288
01 Jun 2018,5.9001,4.4272
31 May 2018,5.8903,4.4248
30 May 2018,5.8722,4.4232
29 May 2018,5.8722,4.4205
28 May 2018,5.8790,4.4193
24 May 2018,5.9183,4.4193
23 May 2018,5.8972,4.4187
22 May 2018,5.9385,4.4179
21 May 2018,5.9250,4.4180
18 May 2018,5.9531,4.4172
17 May 2018,5.9657,4.4164
16 May 2018,5.9560,4.4164
15 May 2018,5.9594,4.4160
14 May 2018,6.0030,4.4153
11 May 2018,5.9830,4.4145
10 May 2018,5.9556,4.4142
09 May 2018,5.9886,4.4128
08 May 2018,5.9543,4.4116
07 May 2018,5.9877,4.4108
04 May 2018,5.9663,4.4103
03 May 2018,5.9742,4.4103
02 May 2018,6.0024,4.4109
30 Apr 2018,6.0712,4.4100
27 Apr 2018,6.0782,4.4093
26 Apr 2018,6.1423,4.4088
25 Apr 2018,6.1478,4.4080
24 Apr 2018,6.1556,4.4079
23 Apr 2018,6.1496,4.4074
20 Apr 2018,6.1823,4.4074
19 Apr 2018,6.2694,4.4064
18 Apr 2018,6.2706,4.4066
17 Apr 2018,6.3079,4.4065
16 Apr 2018,6.3150,4.4065
13 Apr 2018,6.2769,4.4064
12 Apr 2018,6.2723,4.4069
11 Apr 2018,6.2629,4.4074
10 Apr 2018,6.2476,4.4078
09 Apr 2018,6.2282,4.4075
06 Apr 2018,6.2100,4.4080
05 Apr 2018,6.1716,4.4080
04 Apr 2018,6.2059,4.4073
03 Apr 2018,6.2002,4.4070
29 Mar 2018,6.1851,4.4066
28 Mar 2018,6.2177,4.4066
27 Mar 2018,6.2370,4.4059
26 Mar 2018,6.2703,4.4064
23 Mar 2018,6.2407,4.4082
22 Mar 2018,6.2131,4.4068
21 Mar 2018,6.2137,4.4163
20 Mar 2018,6.1943,4.4185
19 Mar 2018,6.2046,4.4183
16 Mar 2018,6.1408,4.4188
15 Mar 2018,6.1805,4.4194
14 Mar 2018,6.1600,4.4199
13 Mar 2018,6.1734,4.4203
12 Mar 2018,6.1427,4.4208
09 Mar 2018,6.1361,4.4208
08 Mar 2018,6.1303,4.4211
07 Mar 2018,6.1320,4.4204
05 Mar 2018,6.1061,4.4202
02 Mar 2018,6.0929,4.4206
01 Mar 2018,6.0756,4.4209
28 Feb 2018,6.0960,4.4209
27 Feb 2018,6.1461,4.4204
26 Feb 2018,6.1642,4.4204
23 Feb 2018,6.1801,4.4207
22 Feb 2018,6.1572,4.4204
21 Feb 2018,6.1803,4.4205
20 Feb 2018,6.1824,4.4201
19 Feb 2018,6.1793,4.4204
16 Feb 2018,6.1987,4.4204
15 Feb 2018,6.2182,4.4204
14 Feb 2018,6.1442,4.4203
13 Feb 2018,6.1384,4.4206
12 Feb 2018,6.1109,4.4208
09 Feb 2018,6.1073,4.4208
08 Feb 2018,6.2076,4.4223
07 Feb 2018,6.1637,4.4238
06 Feb 2018,6.1447,4.4248
05 Feb 2018,6.1974,4.4248
02 Feb 2018,6.2563,4.4258
01 Feb 2018,6.2867,4.4257
31 Jan 2018,6.2759,4.4262
30 Jan 2018,6.2573,4.4262
29 Jan 2018,6.2300,4.4263
26 Jan 2018,6.2672,4.4263
25 Jan 2018,6.3274,4.4263
24 Jan 2018,6.2862,4.4263
23 Jan 2018,6.1907,4.4251
22 Jan 2018,6.1598,4.4242
19 Jan 2018,6.1395,4.4242
18 Jan 2018,6.1416,4.4235
17 Jan 2018,6.1088,4.4225
16 Jan 2018,6.0867,4.4225
15 Jan 2018,6.1010,4.4220
12 Jan 2018,6.0440,4.4220
11 Jan 2018,5.9819,4.4222
10 Jan 2018,5.9773,4.4217
09 Jan 2018,5.9785,4.4210
08 Jan 2018,5.9935,4.4210
05 Jan 2018,5.9897,4.4201
04 Jan 2018,5.9892,4.4204
03 Jan 2018,5.9752,4.4189
02 Jan 2018,5.9863,4.4189
29 Dec 2017,5.9708,4.4179
28 Dec 2017,5.9396,4.4164
27 Dec 2017,5.9228,4.4164
22 Dec 2017,5.9026,4.4138
21 Dec 2017,5.8951,4.4138
20 Dec 2017,5.9189,4.4138
19 Dec 2017,5.8963,4.4137
18 Dec 2017,5.9148,4.4137
15 Dec 2017,5.8834,4.4143
14 Dec 2017,5.9183,4.4143
13 Dec 2017,5.9061,4.4148
12 Dec 2017,5.8863,4.4148
11 Dec 2017,5.9025,4.4144
08 Dec 2017,5.9223,4.4134
07 Dec 2017,5.9065,4.4134
06 Dec 2017,5.9093,4.4139
05 Dec 2017,5.9276,4.4140
04 Dec 2017,5.9680,4.4139
30 Nov 2017,5.9674,4.4144
29 Nov 2017,5.9173,4.4146
28 Nov 2017,5.8577,4.4146
27 Nov 2017,5.8866,4.4098
24 Nov 2017,5.8856,4.4087
23 Nov 2017,5.8602,4.4058
22 Nov 2017,5.8483,4.4058
21 Nov 2017,5.8349,4.4027
20 Nov 2017,5.8279,4.4027
17 Nov 2017,5.8072,4.3977
16 Nov 2017,5.8019,4.3964
15 Nov 2017,5.7876,4.3942
14 Nov 2017,5.7578,4.3949
13 Nov 2017,5.7561,4.3940
10 Nov 2017,5.8063,4.3947
09 Nov 2017,5.7610,4.3947
08 Nov 2017,5.7538,4.3919
07 Nov 2017,5.7588,4.3900
06 Nov 2017,5.7484,4.3861
03 Nov 2017,5.7302,4.3836
02 Nov 2017,5.7451,4.3822
01 Nov 2017,5.8067,4.3801
31 Oct 2017,5.8022,4.3787
30 Oct 2017,5.7650,4.3764
27 Oct 2017,5.7388,4.3771
26 Oct 2017,5.7665,4.3782
25 Oct 2017,5.8001,4.3774
24 Oct 2017,5.7505,4.3770
23 Oct 2017,5.7798,4.3780
20 Oct 2017,5.7795,4.3781
19 Oct 2017,5.7850,4.3796
18 Oct 2017,5.7598,4.3771
17 Oct 2017,5.7690,4.3794
16 Oct 2017,5.8139,4.3776
13 Oct 2017,5.8243,4.3805
12 Oct 2017,5.7671,4.3796
11 Oct 2017,5.7762,4.3812
10 Oct 2017,5.7949,4.3914
09 Oct 2017,5.7679,4.3919
06 Oct 2017,5.7367,4.3919
05 Oct 2017,5.7762,4.3959
04 Oct 2017,5.8391,4.3966
03 Oct 2017,5.8275,4.3971
02 Oct 2017,5.8393,4.3964
29 Sep 2017,5.8998,4.3966
28 Sep 2017,5.9185,4.4040
27 Sep 2017,5.9006,4.4041
26 Sep 2017,5.9221,4.4057
25 Sep 2017,5.9577,4.4095
22 Sep 2017,5.9745,4.4099
20 Sep 2017,5.9770,4.4098
19 Sep 2017,5.9622,4.4096
18 Sep 2017,5.9749,4.4089
15 Sep 2017,5.9898,4.4075
14 Sep 2017,5.8834,4.4074
13 Sep 2017,5.8305,4.4074
12 Sep 2017,5.8489,4.4073
11 Sep 2017,5.8105,4.4066
08 Sep 2017,5.8092,4.4049
07 Sep 2017,5.7695,4.4042
06 Sep 2017,5.7542,4.4043
05 Sep 2017,5.7223,4.4021
04 Sep 2017,5.7027,4.4016
31 Aug 2017,5.6666,4.4016
30 Aug 2017,5.6845,4.4011
29 Aug 2017,5.6916,4.4012
28 Aug 2017,5.6864,4.4012
25 Aug 2017,5.6697,4.4006
24 Aug 2017,5.6303,4.3973
23 Aug 2017,5.6199,4.3916
22 Aug 2017,5.6282,4.3905
21 Aug 2017,5.6626,4.3876
18 Aug 2017,5.6375,4.3885
17 Aug 2017,5.6544,4.3880
16 Aug 2017,5.6430,4.3870
15 Aug 2017,5.6382,4.3860
14 Aug 2017,5.6931,4.3830
11 Aug 2017,5.6827,4.3797
10 Aug 2017,5.6874,4.3783
09 Aug 2017,5.6905,4.3783
08 Aug 2017,5.6790,4.3786
07 Aug 2017,5.7009,4.3786
04 Aug 2017,5.7093,4.3780
03 Aug 2017,5.7547,4.3772
02 Aug 2017,5.7916,4.3776
01 Aug 2017,5.7938,4.3776
31 Jul 2017,5.7665,4.3765
28 Jul 2017,5.7400,4.3743
27 Jul 2017,5.7317,4.3800
26 Jul 2017,5.7118,4.3772
25 Jul 2017,5.7145,4.3769
24 Jul 2017,5.7078,4.3751
21 Jul 2017,5.6740,4.3744
20 Jul 2017,5.6745,4.3724
19 Jul 2017,5.6968,4.3721
18 Jul 2017,5.6841,4.3660
17 Jul 2017,5.7010,4.3636
14 Jul 2017,5.7030,4.3624
13 Jul 2017,5.6397,4.3607
12 Jul 2017,5.6190,4.3595
11 Jul 2017,5.5987,4.3583
10 Jul 2017,5.6191,4.3671
07 Jul 2017,5.6239,4.3667
06 Jul 2017,5.6614,4.3667
05 Jul 2017,5.6429,4.3662
04 Jul 2017,5.6405,4.3650
30 Jun 2017,5.6680,4.3650
29 Jun 2017,5.6684,4.3640
28 Jun 2017,5.6443,4.3619
27 Jun 2017,5.5697,4.3592
23 Jun 2017,5.5441,4.3562
22 Jun 2017,5.5161,4.3554
21 Jun 2017,5.5152,4.3543
20 Jun 2017,5.4909,4.3472
19 Jun 2017,5.5443,4.3464
16 Jun 2017,5.5582,4.3444
15 Jun 2017,5.5391,4.3417
14 Jun 2017,5.5532,4.3408
13 Jun 2017,5.5266,4.3397
12 Jun 2017,5.4891,4.3300
09 Jun 2017,5.5046,4.3234
08 Jun 2017,5.5761,4.3075
07 Jun 2017,5.5810,4.3040
06 Jun 2017,5.5440,4.3017
05 Jun 2017,5.5528,4.2952
02 Jun 2017,5.5340,4.2949
01 Jun 2017,5.5323,4.2886
31 May 2017,5.5394,4.2878
30 May 2017,5.5313,4.2998
29 May 2017,5.5238,4.3010
26 May 2017,5.5091,4.3067
24 May 2017,5.5772,4.3054
23 May 2017,5.5891,4.3046
22 May 2017,5.5449,4.2650
19 May 2017,5.5380,4.2505
18 May 2017,5.5215,4.2434
17 May 2017,5.4946,4.2413
16 May 2017,5.4656,4.2320
15 May 2017,5.4507,4.2191
12 May 2017,5.4287,4.2112
11 May 2017,5.4107,4.2018
10 May 2017,5.4353,4.2004
09 May 2017,5.4361,4.2000
08 May 2017,5.4309,4.1976
05 May 2017,5.4378,4.1955
04 May 2017,5.4123,4.1946
03 May 2017,5.4060,4.1855
02 May 2017,5.4152,4.1907
28 Apr 2017,5.4198,4.1887
27 Apr 2017,5.4036,4.1895
26 Apr 2017,5.3794,4.1850
25 Apr 2017,5.3642,4.1852
24 Apr 2017,5.3251,4.1661
21 Apr 2017,5.3225,4.1647
20 Apr 2017,5.3491,4.1673
19 Apr 2017,5.3436,4.1708
18 Apr 2017,5.3730,4.2088
13 Apr 2017,5.2760,4.2124
12 Apr 2017,5.2654,4.2083
11 Apr 2017,5.2475,4.2105
10 Apr 2017,5.2122,4.1936
07 Apr 2017,5.1916,4.1881
06 Apr 2017,5.2456,4.1978
05 Apr 2017,5.1997,4.1661
04 Apr 2017,5.3241,4.2774
03 Apr 2017,5.3578,4.2938
31 Mar 2017,5.3993,4.3194
30 Mar 2017,5.4258,4.3406
29 Mar 2017,5.3834,4.3390
28 Mar 2017,5.4330,4.3398
27 Mar 2017,5.4651,4.3450
24 Mar 2017,5.4310,4.3528
23 Mar 2017,5.5320,4.4238
22 Mar 2017,5.5850,4.4813
21 Mar 2017,5.6071,4.4968
20 Mar 2017,5.6010,4.5224
17 Mar 2017,5.6235,4.5468
16 Mar 2017,5.6353,4.5582
15 Mar 2017,5.5915,4.5761
14 Mar 2017,5.5693,4.5842
13 Mar 2017,5.6184,4.5962
10 Mar 2017,5.5987,4.6053
09 Mar 2017,5.6122,4.6062
08 Mar 2017,5.6080,4.6065
07 Mar 2017,5.5321,4.5442
03 Mar 2017,5.5233,4.5114
02 Mar 2017,5.5347,4.5060
01 Mar 2017,5.5363,4.4992
28 Feb 2017,5.5781,4.4808
27 Feb 2017,5.5471,4.4616
24 Feb 2017,5.5588,4.4421
23 Feb 2017,5.5499,4.4385
22 Feb 2017,5.5179,4.4285
21 Feb 2017,5.4487,4.3782
20 Feb 2017,5.4606,4.3772
17 Feb 2017,5.4391,4.3772
16 Feb 2017,5.4677,4.3766
15 Feb 2017,5.4506,4.3759
14 Feb 2017,5.4599,4.3756
13 Feb 2017,5.4681,4.3752
10 Feb 2017,5.4529,4.3746
09 Feb 2017,5.4899,4.3734
08 Feb 2017,5.4662,4.3656
07 Feb 2017,5.3440,4.3163
06 Feb 2017,5.3559,4.3064
03 Feb 2017,5.3652,4.3025
02 Feb 2017,5.3912,4.2934
01 Feb 2017,5.4156,4.2831
31 Jan 2017,5.3518,4.2732
30 Jan 2017,5.3456,4.2727
27 Jan 2017,5.3665,4.2710
26 Jan 2017,5.3745,4.2702
25 Jan 2017,5.3706,4.2688
24 Jan 2017,5.2987,4.2451
23 Jan 2017,5.2895,4.2425
20 Jan 2017,5.2225,4.2397
19 Jan 2017,5.2117,4.2368
18 Jan 2017,5.2154,4.2350
17 Jan 2017,5.2447,4.2327
16 Jan 2017,5.1051,4.2296
13 Jan 2017,5.1301,4.2296
12 Jan 2017,5.1905,4.2275
11 Jan 2017,5.1602,4.2259
10 Jan 2017,5.1316,4.2211
09 Jan 2017,5.1214,4.2183
06 Jan 2017,5.2001,4.2171
05 Jan 2017,5.1911,4.2122
04 Jan 2017,5.1763,4.2118
03 Jan 2017,5.1591,4.2098
30 Dec 2016,5.2003,4.2023
29 Dec 2016,5.1186,4.1832
28 Dec 2016,5.1064,4.1808
23 Dec 2016,5.0876,4.1542
22 Dec 2016,5.1173,4.1483
21 Dec 2016,5.1228,4.1356
20 Dec 2016,5.0858,4.1251
19 Dec 2016,5.0969,4.1207
16 Dec 2016,5.1061,4.1125
15 Dec 2016,5.1242,4.1069
14 Dec 2016,5.2096,4.1014
13 Dec 2016,5.2111,4.0974
12 Dec 2016,5.1570,4.0712
09 Dec 2016,5.0869,4.0414
08 Dec 2016,5.0751,4.0397
07 Dec 2016,5.0965,4.0384
06 Dec 2016,5.1441,4.0384
05 Dec 2016,5.1323,4.0345
01 Dec 2016,5.0952,4.0342
30 Nov 2016,5.0186,4.0336
29 Nov 2016,4.9784,3.9824
28 Nov 2016,4.9411,3.9819
25 Nov 2016,4.9507,3.9816
24 Nov 2016,4.9699,3.9813
23 Nov 2016,4.9296,3.9813
22 Nov 2016,4.9491,3.9806
21 Nov 2016,4.9708,3.9798
18 Nov 2016,4.9109,3.9793
17 Nov 2016,4.9561,3.9789
16 Nov 2016,4.9492,3.9781
15 Nov 2016,4.9259,3.9744
14 Nov 2016,4.9565,3.9703
11 Nov 2016,5.0103,3.9673
10 Nov 2016,4.9516,3.9673
09 Nov 2016,4.9137,3.9671
08 Nov 2016,4.9123,3.9670
07 Nov 2016,4.9171,3.9670
04 Nov 2016,4.9700,3.9662
03 Nov 2016,4.9400,3.9660
02 Nov 2016,4.8806,3.9660
01 Nov 2016,4.8572,3.9657
31 Oct 2016,4.8228,3.9661
28 Oct 2016,4.8218,3.9663
27 Oct 2016,4.8346,3.9670
26 Oct 2016,4.8525,3.9664
25 Oct 2016,4.8127,3.9663
24 Oct 2016,4.8423,3.9662
21 Oct 2016,4.8390,3.9661
20 Oct 2016,4.8565,3.9661
19 Oct 2016,4.8736,3.9658
18 Oct 2016,4.8764,3.9655
17 Oct 2016,4.8330,3.9657
14 Oct 2016,4.8371,3.9694
13 Oct 2016,4.8460,3.9705
12 Oct 2016,4.8508,3.9705
11 Oct 2016,4.8547,3.9711
10 Oct 2016,4.9181,3.9729
07 Oct 2016,4.9500,3.9737
06 Oct 2016,5.0266,3.9745
05 Oct 2016,5.0601,3.9746
04 Oct 2016,5.0667,3.9736
03 Oct 2016,5.1047,3.9756
30 Sep 2016,5.1548,3.9735
29 Sep 2016,5.1611,3.9728
28 Sep 2016,5.1604,3.9723
27 Sep 2016,5.1600,3.9692
26 Sep 2016,5.1540,3.9683
23 Sep 2016,5.1432,3.9664
22 Sep 2016,5.1881,3.9643
20 Sep 2016,5.1360,3.9614
19 Sep 2016,5.1699,3.9592
16 Sep 2016,5.1815,3.9584
15 Sep 2016,5.2280,3.9579
14 Sep 2016,5.2240,3.9570
13 Sep 2016,5.2164,3.9566
09 Sep 2016,5.2458,3.9564
08 Sep 2016,5.2600,3.9537
07 Sep 2016,5.2772,3.9518
06 Sep 2016,5.2952,3.9490
05 Sep 2016,5.2568,3.9483
02 Sep 2016,5.2520,3.9483
01 Sep 2016,5.2501,3.9483
31 Aug 2016,5.1749,3.9476
30 Aug 2016,5.1640,3.9465
29 Aug 2016,5.1614,3.9460
26 Aug 2016,5.2078,3.9483
25 Aug 2016,5.2098,3.9492
24 Aug 2016,5.2294,3.9485
23 Aug 2016,5.2066,3.9480
22 Aug 2016,5.1870,3.9475
19 Aug 2016,5.1536,3.9467
18 Aug 2016,5.1920,3.9459
17 Aug 2016,5.1316,3.9456
16 Aug 2016,5.1236,3.9452
15 Aug 2016,5.0834,3.9443
12 Aug 2016,5.1026,3.9436
11 Aug 2016,5.1126,3.9440
10 Aug 2016,5.1358,3.9473
09 Aug 2016,5.1365,3.9490
08 Aug 2016,5.1491,3.9481
05 Aug 2016,5.1586,3.9469
04 Aug 2016,5.1837,3.9486
03 Aug 2016,5.2603,3.9486
02 Aug 2016,5.2594,3.9485
01 Aug 2016,5.2161,3.9483
29 Jul 2016,5.2424,3.9470
28 Jul 2016,5.1867,3.9488
27 Jul 2016,5.1710,3.9482
26 Jul 2016,5.1778,3.9432
25 Jul 2016,5.1793,3.9425
22 Jul 2016,5.1607,3.9425
21 Jul 2016,5.2160,3.9467
20 Jul 2016,5.2024,3.9475
19 Jul 2016,5.1844,3.9464
18 Jul 2016,5.2357,3.9449
15 Jul 2016,5.1928,3.9432
14 Jul 2016,5.2565,3.9425
13 Jul 2016,5.2042,3.9408
12 Jul 2016,5.2165,3.9385
11 Jul 2016,5.1140,3.9372
08 Jul 2016,5.0914,3.9352
07 Jul 2016,5.0826,3.9327
05 Jul 2016,5.1196,3.9315
04 Jul 2016,5.2210,3.9279
30 Jun 2016,5.2123,3.9279
29 Jun 2016,5.3096,3.9249
28 Jun 2016,5.2160,3.9209
27 Jun 2016,5.1770,3.9178
24 Jun 2016,5.3287,3.9098
23 Jun 2016,5.7927,3.9090
22 Jun 2016,5.7324,3.9068
21 Jun 2016,5.7323,3.9051
20 Jun 2016,5.7336,3.9044
17 Jun 2016,5.5743,3.9014
16 Jun 2016,5.4857,3.8997
15 Jun 2016,5.5368,3.9008
14 Jun 2016,5.4792,3.8832
13 Jun 2016,5.5365,3.8760
10 Jun 2016,5.5575,3.8726
09 Jun 2016,5.5967,3.8710
08 Jun 2016,5.6290,3.8658
07 Jun 2016,5.6193,3.8597
06 Jun 2016,5.5713,3.8556
03 Jun 2016,5.5910,3.8471
02 Jun 2016,5.5453,3.8421
01 Jun 2016,5.5276,3.8394
31 May 2016,5.6246,3.8435
30 May 2016,5.6126,3.8356
27 May 2016,5.6092,3.8356
26 May 2016,5.6220,3.8310
24 May 2016,5.5984,3.8306
23 May 2016,5.5447,3.8287
20 May 2016,5.5610,3.8257
19 May 2016,5.5756,3.8202
18 May 2016,5.5776,3.8169
17 May 2016,5.5244,3.8152
16 May 2016,5.4936,3.8113
13 May 2016,5.4783,3.8134
12 May 2016,5.5135,3.8082
11 May 2016,5.5177,3.8095
10 May 2016,5.5151,3.8098
09 May 2016,5.4884,3.8090
06 May 2016,5.5004,3.8070
05 May 2016,5.5093,3.8029
04 May 2016,5.4875,3.7905
03 May 2016,5.5249,3.7995
29 Apr 2016,5.5384,3.7867
28 Apr 2016,5.5398,3.7970
27 Apr 2016,5.5236,3.7989
26 Apr 2016,5.5367,3.7959
25 Apr 2016,5.5163,3.8070
22 Apr 2016,5.4929,3.8121
21 Apr 2016,5.4765,3.8193
20 Apr 2016,5.5089,3.8251
19 Apr 2016,5.5136,3.8273
18 Apr 2016,5.4621,3.8282
15 Apr 2016,5.4286,3.8251
14 Apr 2016,5.4166,3.8266
13 Apr 2016,5.4490,3.8314
12 Apr 2016,5.4496,3.8251
11 Apr 2016,5.4659,3.8306
08 Apr 2016,5.3964,3.8256
07 Apr 2016,5.4002,3.8313
06 Apr 2016,5.4034,3.8319
05 Apr 2016,5.4171,3.8321
04 Apr 2016,5.4565,3.8227
01 Apr 2016,5.4369,3.8323
31 Mar 2016,5.5196,3.8384
30 Mar 2016,5.5285,3.8323
29 Mar 2016,5.4822,3.8383
24 Mar 2016,5.4331,3.8407
23 Mar 2016,5.4178,3.8364
22 Mar 2016,5.4759,3.8500
21 Mar 2016,5.5411,3.8504
18 Mar 2016,5.5789,3.8502
17 Mar 2016,5.5663,3.8489
16 Mar 2016,5.4163,3.8449
15 Mar 2016,5.4462,3.8443
14 Mar 2016,5.5122,3.8458
11 Mar 2016,5.5172,3.8477
10 Mar 2016,5.5148,3.8527
09 Mar 2016,5.4662,3.8497
08 Mar 2016,5.4863,3.8614
04 Mar 2016,5.4767,3.8612
03 Mar 2016,5.4572,3.8698
02 Mar 2016,5.4478,3.8769
01 Mar 2016,5.3994,3.8761
29 Feb 2016,5.3905,3.8800
26 Feb 2016,5.4103,3.8806
25 Feb 2016,5.4015,3.8773
24 Feb 2016,5.4335,3.9045
23 Feb 2016,5.5131,3.9061
22 Feb 2016,5.5066,3.8957
19 Feb 2016,5.5462,3.8896
18 Feb 2016,5.5881,3.8890
17 Feb 2016,5.5423,3.8880
16 Feb 2016,5.5447,3.8785
15 Feb 2016,5.6039,3.8824
12 Feb 2016,5.6155,3.8824
11 Feb 2016,5.6159,3.8800
10 Feb 2016,5.6045,3.8756
09 Feb 2016,5.5790,3.8689
08 Feb 2016,5.5574,3.8628
05 Feb 2016,5.5988,3.8607
04 Feb 2016,5.6210,3.8545
03 Feb 2016,5.5993,3.8496
02 Feb 2016,5.5422,3.8466
01 Feb 2016,5.5072,3.8410
29 Jan 2016,5.4575,3.8363
28 Jan 2016,5.4981,3.8330
27 Jan 2016,5.4908,3.8330
26 Jan 2016,5.4646,3.8308
25 Jan 2016,5.4538,3.8264
22 Jan 2016,5.4860,3.8214
21 Jan 2016,5.3884,3.8167
20 Jan 2016,5.4198,3.8165
19 Jan 2016,5.3976,3.8162
18 Jan 2016,5.4429,3.8102
15 Jan 2016,5.4520,3.8102
14 Jan 2016,5.4910,3.8079
13 Jan 2016,5.4901,3.8033
12 Jan 2016,5.4715,3.8010
11 Jan 2016,5.5160,3.7908
08 Jan 2016,5.5362,3.8005
07 Jan 2016,5.5459,3.7988
06 Jan 2016,5.5562,3.7986
05 Jan 2016,5.5693,3.7938
04 Jan 2016,5.5725,3.7841
31 Dec 2015,5.6202,3.7969
30 Dec 2015,5.6295,3.7963
29 Dec 2015,5.6315,3.8017
24 Dec 2015,5.6665,3.7997
23 Dec 2015,5.6422,3.7913
22 Dec 2015,5.6338,3.7951
21 Dec 2015,5.6660,3.7991
18 Dec 2015,5.6563,3.7921
17 Dec 2015,5.6655,3.8011
16 Dec 2015,5.7109,3.7999
15 Dec 2015,5.7679,3.8004
14 Dec 2015,5.7374,3.7938
11 Dec 2015,5.7777,3.7979
10 Dec 2015,5.7686,3.7989
09 Dec 2015,5.7594,3.7941
08 Dec 2015,5.6950,3.8005
07 Dec 2015,5.7237,3.7978
03 Dec 2015,5.7162,3.7974
02 Dec 2015,5.6679,3.7834
01 Dec 2015,5.7027,3.7834
30 Nov 2015,5.7143,3.7951
27 Nov 2015,5.7047,3.7880
26 Nov 2015,5.7373,3.7965
25 Nov 2015,5.7289,3.7965
24 Nov 2015,5.7186,3.7932
23 Nov 2015,5.7428,3.7884
20 Nov 2015,5.7768,3.7898
19 Nov 2015,5.7900,3.7873
18 Nov 2015,5.7658,3.7918
17 Nov 2015,5.7642,3.7915
16 Nov 2015,5.7560,3.7871
13 Nov 2015,5.7673,3.7938
12 Nov 2015,5.7736,3.7942
11 Nov 2015,5.7615,3.7932
10 Nov 2015,5.7349,3.7932
09 Nov 2015,5.7228,3.7932
06 Nov 2015,5.7144,3.7942
05 Nov 2015,5.7766,3.7919
04 Nov 2015,5.8348,3.7918
03 Nov 2015,5.8294,3.7917
02 Nov 2015,5.8654,3.7944
30 Oct 2015,5.8321,3.7915
29 Oct 2015,5.7896,3.7873
28 Oct 2015,5.7968,3.7875
27 Oct 2015,5.7934,3.7794
26 Oct 2015,5.8256,3.7932
23 Oct 2015,5.8110,3.7884
22 Oct 2015,5.8491,3.7971
21 Oct 2015,5.8783,3.8013
20 Oct 2015,5.8816,3.8012
19 Oct 2015,5.8898,3.8053
16 Oct 2015,5.8314,3.7773
15 Oct 2015,5.8424,3.7734
14 Oct 2015,5.8142,3.7691
13 Oct 2015,5.7371,3.7675
12 Oct 2015,5.7672,3.7591
09 Oct 2015,5.7702,3.7672
08 Oct 2015,5.7524,3.7531
07 Oct 2015,5.7377,3.7438
06 Oct 2015,5.6734,3.7261
05 Oct 2015,5.6330,3.7098
02 Oct 2015,5.6658,3.7216
01 Oct 2015,5.6288,3.7132
30 Sep 2015,5.6366,3.7272
29 Sep 2015,5.6996,3.7564
28 Sep 2015,5.7414,3.7797
25 Sep 2015,5.7601,3.7950
23 Sep 2015,5.8086,3.8127
22 Sep 2015,5.8996,3.8319
18 Sep 2015,6.0003,3.8513
17 Sep 2015,5.9886,3.8606
16 Sep 2015,5.9516,3.8343
15 Sep 2015,5.8587,3.8093
14 Sep 2015,5.8290,3.7880
11 Sep 2015,5.7446,3.7271
10 Sep 2015,5.7513,3.7271
09 Sep 2015,5.7170,3.7220
08 Sep 2015,5.7110,3.7159
07 Sep 2015,5.6668,3.7101
04 Sep 2015,5.6368,3.7101
03 Sep 2015,5.6435,3.7065
02 Sep 2015,5.7324,3.7430
01 Sep 2015,5.8007,3.7817
31 Aug 2015,6.0301,3.9251
28 Aug 2015,6.2212,4.0476
27 Aug 2015,6.2636,4.0691
26 Aug 2015,6.3201,4.0620
25 Aug 2015,6.3586,4.0506
24 Aug 2015,6.3504,4.0366
21 Aug 2015,6.3016,4.0212
20 Aug 2015,6.2465,3.9817
19 Aug 2015,6.2046,3.9641
18 Aug 2015,6.1703,3.9417
17 Aug 2015,6.1225,3.9257
14 Aug 2015,6.1094,3.9120
13 Aug 2015,6.0397,3.8751
12 Aug 2015,5.9917,3.8288
11 Aug 2015,5.9122,3.7991
10 Aug 2015,5.8783,3.7822
07 Aug 2015,5.8135,3.7596
06 Aug 2015,5.7784,3.7232
05 Aug 2015,5.7356,3.6776
04 Aug 2015,5.6170,3.5944
03 Aug 2015,5.5488,3.5569
31 Jul 2015,5.4249,3.4666
30 Jul 2015,5.3854,3.4564
29 Jul 2015,5.3540,3.4268
28 Jul 2015,5.3293,3.4138
27 Jul 2015,5.2461,3.3685
24 Jul 2015,5.1072,3.2922
23 Jul 2015,5.1079,3.2882
22 Jul 2015,5.1231,3.2796
21 Jul 2015,5.0834,3.2676
17 Jul 2015,5.0599,3.2377
16 Jul 2015,5.0784,3.2562
15 Jul 2015,5.1719,3.3128
14 Jul 2015,5.1629,3.3142
13 Jul 2015,5.1759,3.3363
10 Jul 2015,5.3635,3.4630
09 Jul 2015,5.4605,3.5481
08 Jul 2015,5.6322,3.6699
07 Jul 2015,5.8590,3.7937
06 Jul 2015,6.1421,3.9322
03 Jul 2015,6.2685,4.0237
02 Jul 2015,6.5473,4.1935
30 Jun 2015,6.8370,4.3385
29 Jun 2015,6.8246,4.3295
26 Jun 2015,6.7958,4.3178
25 Jun 2015,6.7785,4.3101
24 Jun 2015,6.7533,4.3061
23 Jun 2015,6.7445,4.2833
22 Jun 2015,6.7738,4.2810
19 Jun 2015,6.7823,4.2715
18 Jun 2015,6.7493,4.2502
17 Jun 2015,6.6588,4.2340
16 Jun 2015,6.6147,4.2323
15 Jun 2015,6.5118,4.1866
12 Jun 2015,6.4884,4.1635
11 Jun 2015,6.4337,4.1382
10 Jun 2015,6.3090,4.1192
09 Jun 2015,6.2853,4.1145
08 Jun 2015,6.2724,4.1114
05 Jun 2015,6.2977,4.1006
04 Jun 2015,6.2742,4.0922
03 Jun 2015,6.2165,4.0570
02 Jun 2015,6.1477,4.0456
01 Jun 2015,6.1308,4.0157
29 May 2015,6.1082,3.9996
28 May 2015,6.0708,3.9624
27 May 2015,6.1110,3.9682
26 May 2015,6.0998,3.9338
22 May 2015,6.1767,3.9405
21 May 2015,6.0745,3.9077
20 May 2015,6.0100,3.8759
19 May 2015,6.0624,3.8636
18 May 2015,6.1198,3.8777
15 May 2015,6.1349,3.8937
14 May 2015,6.1110,3.8847
13 May 2015,6.0658,3.8707
12 May 2015,6.0170,3.8662
11 May 2015,5.9684,3.8648
08 May 2015,5.8823,3.8679
07 May 2015,5.8823,3.8590
06 May 2015,5.8642,3.8608
05 May 2015,5.8340,3.8590
04 May 2015,5.9240,3.8530
30 Apr 2015,5.9516,3.8512
29 Apr 2015,5.8886,3.8417
28 Apr 2015,5.8489,3.8389
27 Apr 2015,5.8203,3.8370
24 Apr 2015,5.7601,3.8278
23 Apr 2015,5.7173,3.8034
22 Apr 2015,5.7247,3.8308
21 Apr 2015,5.6760,3.8043
20 Apr 2015,5.7132,3.8236
17 Apr 2015,5.7089,3.8258
16 Apr 2015,5.6260,3.8052
15 Apr 2015,5.6402,3.8156
14 Apr 2015,5.6014,3.8219
13 Apr 2015,5.5906,3.8174
10 Apr 2015,5.6101,3.8055
09 Apr 2015,5.6948,3.8151
08 Apr 2015,5.6432,3.7940
07 Apr 2015,5.6134,3.7834
02 Apr 2015,5.5981,3.7723
01 Apr 2015,5.5941,3.7676
31 Mar 2015,5.5520,3.7491
30 Mar 2015,5.5616,3.7321
27 Mar 2015,5.5232,3.7171
26 Mar 2015,5.5230,3.7032
25 Mar 2015,5.4972,3.6996
24 Mar 2015,5.5076,3.6865
23 Mar 2015,5.4182,3.6405
20 Mar 2015,5.3654,3.6420
19 Mar 2015,5.2908,3.6014
18 Mar 2015,5.3135,3.6046
17 Mar 2015,5.2625,3.5579
16 Mar 2015,5.2353,3.5539
13 Mar 2015,5.2797,3.5420
12 Mar 2015,5.2872,3.5380
11 Mar 2015,5.3231,3.5290
10 Mar 2015,5.3030,3.5096
09 Mar 2015,5.3498,3.5113
05 Mar 2015,5.3319,3.4929
04 Mar 2015,5.3614,3.4844
03 Mar 2015,5.3401,3.4757
02 Mar 2015,5.3582,3.4753
27 Feb 2015,5.3593,3.4762
26 Feb 2015,5.3687,3.4648
25 Feb 2015,5.3300,3.4570
24 Feb 2015,5.3129,3.4421
23 Feb 2015,5.2507,3.4164
20 Feb 2015,5.2550,3.4055
19 Feb 2015,5.2546,3.4037
18 Feb 2015,5.2120,3.3974
17 Feb 2015,5.2156,3.3907
16 Feb 2015,5.2234,3.3907
13 Feb 2015,5.1739,3.3682
12 Feb 2015,5.1097,3.3493
11 Feb 2015,5.1130,3.3550
10 Feb 2015,5.0944,3.3465
09 Feb 2015,5.0136,3.2857
06 Feb 2015,5.0220,3.2816
05 Feb 2015,4.9885,3.2776
04 Feb 2015,4.9386,3.2706
03 Feb 2015,4.8956,3.2529
02 Feb 2015,4.8792,3.2452
30 Jan 2015,4.9021,3.2417
29 Jan 2015,4.9095,3.2344
28 Jan 2015,4.9134,3.2344
27 Jan 2015,4.8599,3.2283
26 Jan 2015,4.8532,3.2316
23 Jan 2015,4.8863,3.2291
22 Jan 2015,4.8780,3.2264
21 Jan 2015,4.8999,3.2266
20 Jan 2015,4.8862,3.2220
19 Jan 2015,4.8817,3.2220
16 Jan 2015,4.8941,3.2211
15 Jan 2015,4.9002,3.2198
14 Jan 2015,4.8796,3.2198
13 Jan 2015,4.8708,3.2125
12 Jan 2015,4.8573,3.2125
09 Jan 2015,4.8796,3.2124
08 Jan 2015,4.8477,3.2108
07 Jan 2015,4.8752,3.2093
06 Jan 2015,4.8836,3.2057
05 Jan 2015,4.9312,3.2029
02 Jan 2015,4.9918,3.2013
31 Dec 2014,4.9815,3.2013
30 Dec 2014,4.9716,3.2013
29 Dec 2014,4.9744,3.2000
24 Dec 2014,4.9584,3.2000
23 Dec 2014,4.9981,3.2000
22 Dec 2014,5.0093,3.2000
19 Dec 2014,5.0103,3.1992
18 Dec 2014,5.0179,3.1992
17 Dec 2014,5.0405,3.1987
16 Dec 2014,5.0077,3.1982
15 Dec 2014,5.0298,3.1982
12 Dec 2014,5.0148,3.1982
11 Dec 2014,5.0186,3.1972
10 Dec 2014,5.0149,3.1979
09 Dec 2014,4.9970,3.1979
08 Dec 2014,5.0116,3.1974
04 Dec 2014,5.0148,3.1974
03 Dec 2014,5.0039,3.1974
02 Dec 2014,5.0367,3.1969
01 Dec 2014,5.0115,3.1969
28 Nov 2014,5.0386,3.1967
27 Nov 2014,5.0495,3.1967
26 Nov 2014,5.0198,3.1967
25 Nov 2014,5.0163,3.1967
24 Nov 2014,5.0076,3.1987
21 Nov 2014,5.0316,3.1987
20 Nov 2014,5.0103,3.1992
19 Nov 2014,5.0042,3.1992
18 Nov 2014,5.0043,3.1997
17 Nov 2014,4.9951,3.1997
14 Nov 2014,5.0403,3.2000
13 Nov 2014,5.0603,3.2001
12 Nov 2014,5.0773,3.2001
11 Nov 2014,5.0798,3.2001
10 Nov 2014,5.0655,3.1971
07 Nov 2014,5.0911,3.1971
06 Nov 2014,5.1039,3.1971
05 Nov 2014,5.1182,3.1973
04 Nov 2014,5.1086,3.1973
03 Nov 2014,5.1074,3.1973
31 Oct 2014,5.1200,3.1968
30 Oct 2014,5.1625,3.1968
29 Oct 2014,5.1665,3.1963
28 Oct 2014,5.1595,3.1963
27 Oct 2014,5.1419,3.1963
24 Oct 2014,5.1211,3.1963
23 Oct 2014,5.1390,3.1969
22 Oct 2014,"51,592.0000",3.1969
21 Oct 2014,5.1569,3.1969
20 Oct 2014,5.1454,3.1969
17 Oct 2014,5.1256,3.1983
16 Oct 2014,5.0984,3.1983
15 Oct 2014,5.0922,3.1984
14 Oct 2014,5.1354,3.1984
13 Oct 2014,5.1277,3.1984
10 Oct 2014,5.1638,3.1986
09 Oct 2014,5.1386,3.1988
08 Oct 2014,5.1437,3.1988
07 Oct 2014,5.1059,3.1988
03 Oct 2014,5.1558,3.1988
02 Oct 2014,5.1824,3.1988
01 Oct 2014,5.1867,3.1983
30 Sep 2014,5.1968,3.1986
29 Sep 2014,5.1961,3.1986
26 Sep 2014,5.2181,3.2013
25 Sep 2014,5.2351,3.2013
24 Sep 2014,5.2376,3.2013
23 Sep 2014,5.2261,3.2013
19 Sep 2014,5.2469,3.2013
18 Sep 2014,5.2271,3.2013
17 Sep 2014,5.1847,3.1975
16 Sep 2014,5.1918,3.1975
15 Sep 2014,5.1905,3.1975
12 Sep 2014,5.1879,3.1975
11 Sep 2014,5.1624,3.1975
10 Sep 2014,5.1505,3.1975
09 Sep 2014,5.1574,3.1905
08 Sep 2014,5.2066,3.1905
05 Sep 2014,5.2311,3.1905
04 Sep 2014,5.2264,3.1762
03 Sep 2014,5.2430,3.1762
02 Sep 2014,5.2088,3.1346
01 Sep 2014,5.2012,3.1346
29 Aug 2014,5.1975,3.1346
28 Aug 2014,5.1981,3.1346
27 Aug 2014,5.1947,3.1347
26 Aug 2014,5.1987,3.1346
25 Aug 2014,5.1937,3.1346
22 Aug 2014,5.0827,3.0613
21 Aug 2014,5.0958,3.0613
20 Aug 2014,5.0439,3.0350
19 Aug 2014,5.0754,3.0350
18 Aug 2014,5.0669,3.0350
15 Aug 2014,5.0660,3.0350
14 Aug 2014,5.0666,3.0350
13 Aug 2014,5.1009,3.0350
12 Aug 2014,5.0952,3.0350
11 Aug 2014,5.0988,3.0350
08 Aug 2014,5.1122,3.0350
07 Aug 2014,5.1097,3.0350
06 Aug 2014,5.1185,3.0350
05 Aug 2014,5.1115,3.0350
04 Aug 2014,5.1125,3.0350
01 Aug 2014,5.1243,3.0350
31 Jul 2014,5.1325,3.0350
30 Jul 2014,5.1413,3.0350
29 Jul 2014,5.1519,3.0350
25 Jul 2014,5.1519,3.0350
24 Jul 2014,5.1744,3.0350
23 Jul 2014,5.1762,3.0343
22 Jul 2014,5.1783,3.0343
21 Jul 2014,5.1789,3.0343
18 Jul 2014,5.1887,3.0343
17 Jul 2014,5.2011,3.0343
16 Jul 2014,5.2029,3.0343
15 Jul 2014,5.1682,3.0243
14 Jul 2014,5.1731,3.0243
11 Jul 2014,5.1772,3.0244
10 Jul 2014,5.1821,3.0239
09 Jul 2014,5.1766,3.0237
08 Jul 2014,5.1592,3.0134
07 Jul 2014,5.1654,3.0117
04 Jul 2014,5.1645,3.0117
03 Jul 2014,5.1686,3.0104
02 Jul 2014,5.1286,3.0034
30 Jun 2014,5.1108,3.0028
27 Jun 2014,5.1067,3.0027
26 Jun 2014,5.0990,3.0026
25 Jun 2014,5.0996,3.0049
24 Jun 2014,5.1124,3.0057
23 Jun 2014,5.1671,3.0366
20 Jun 2014,5.2356,3.0711
19 Jun 2014,5.1041,3.0120
18 Jun 2014,5.1079,3.0114
17 Jun 2014,5.1145,3.0110
16 Jun 2014,5.0855,2.9962
13 Jun 2014,5.0382,2.9911
12 Jun 2014,5.0149,2.9870
11 Jun 2014,4.9995,2.9823
10 Jun 2014,4.9874,2.9692
09 Jun 2014,4.9834,2.9672
06 Jun 2014,4.9554,2.9512
05 Jun 2014,4.9114,2.9318
04 Jun 2014,4.8896,2.9209
03 Jun 2014,4.8511,2.8955
02 Jun 2014,4.8566,2.8948
30 May 2014,4.8402,2.8933
29 May 2014,4.8308,2.8920
28 May 2014,4.8697,2.8888
27 May 2014,4.8680,2.8878
23 May 2014,4.8665,2.8861
22 May 2014,4.8671,2.8842
21 May 2014,4.8574,2.8836
20 May 2014,4.8497,2.8821
19 May 2014,4.8488,2.8812
16 May 2014,4.8388,2.8804
15 May 2014,4.8307,2.8790
14 May 2014,4.8305,2.8693
13 May 2014,4.8166,2.8526
12 May 2014,4.8047,2.8513
09 May 2014,4.8347,2.8508
08 May 2014,4.8115,2.8353
07 May 2014,4.7816,2.8155
06 May 2014,4.7451,2.8131
05 May 2014,4.7182,2.7963
02 May 2014,4.7230,2.7963
30 Apr 2014,4.7088,2.7952
29 Apr 2014,4.6871,2.7883
28 Apr 2014,4.6818,2.7848
25 Apr 2014,4.6763,2.7832
24 Apr 2014,4.6600,2.7788
23 Apr 2014,4.6692,2.7755
22 Apr 2014,4.6569,2.7700
17 Apr 2014,4.6364,2.7596
16 Apr 2014,4.5965,2.7491
15 Apr 2014,4.5983,2.7474
14 Apr 2014,4.5965,2.7468
11 Apr 2014,4.6142,2.7495
10 Apr 2014,4.5467,2.7143
09 Apr 2014,4.5398,2.7113
08 Apr 2014,4.4852,2.6990
07 Apr 2014,4.4729,2.6955
04 Apr 2014,4.4740,2.6981
03 Apr 2014,4.4935,2.7009
02 Apr 2014,4.4753,2.6885
01 Apr 2014,4.4810,2.6876
31 Mar 2014,4.4609,2.6813
28 Mar 2014,4.4428,2.6738
27 Mar 2014,4.3946,2.6526
26 Mar 2014,4.3719,2.6472
25 Mar 2014,4.3599,2.6438
24 Mar 2014,4.3317,2.6264
21 Mar 2014,4.3263,2.6206
20 Mar 2014,4.2985,2.5845
19 Mar 2014,4.2720,2.5721
18 Mar 2014,4.2779,2.5698
17 Mar 2014,4.2618,2.5629
14 Mar 2014,4.2587,2.5532
13 Mar 2014,4.2350,2.5495
12 Mar 2014,4.2363,2.5468
11 Mar 2014,4.2311,2.5429
10 Mar 2014,4.2463,2.5383
07 Mar 2014,4.2362,2.5312
05 Mar 2014,4.2179,2.5295
04 Mar 2014,4.2241,2.5279
03 Mar 2014,4.2294,2.5268
28 Feb 2014,4.2110,2.5244
27 Feb 2014,4.1912,2.5189
26 Feb 2014,4.1864,2.5074
25 Feb 2014,4.1651,2.5050
24 Feb 2014,4.1851,2.5050
21 Feb 2014,4.0950,2.4577
20 Feb 2014,4.0856,2.4447
19 Feb 2014,4.0792,2.4412
18 Feb 2014,4.0671,2.4348
17 Feb 2014,4.0763,2.4348
14 Feb 2014,4.0521,2.4359
13 Feb 2014,4.0348,2.4359
12 Feb 2014,3.9924,2.4255
11 Feb 2014,3.9672,2.4203
10 Feb 2014,3.9805,2.4270
07 Feb 2014,3.9531,2.4191
06 Feb 2014,3.9415,2.4175
05 Feb 2014,3.9382,2.4156
04 Feb 2014,3.9269,2.4056
03 Feb 2014,3.9482,2.4000
31 Jan 2014,3.9566,2.4000
30 Jan 2014,3.9554,2.3865
29 Jan 2014,3.8580,2.3252
28 Jan 2014,3.8524,2.3252
27 Jan 2014,3.8361,2.3252
24 Jan 2014,3.8536,2.3188
23 Jan 2014,3.8397,2.3163
22 Jan 2014,3.7884,2.3013
21 Jan 2014,3.7729,2.2973
20 Jan 2014,3.7765,2.2973
17 Jan 2014,3.7526,2.2963
16 Jan 2014,3.7548,2.2958
15 Jan 2014,3.7708,2.2913
14 Jan 2014,3.7192,2.2700
13 Jan 2014,3.7407,2.2664
10 Jan 2014,3.7322,2.2665
09 Jan 2014,3.7072,2.2510
08 Jan 2014,3.6921,2.2510
07 Jan 2014,3.6846,2.2445
06 Jan 2014,3.6773,2.2394
03 Jan 2014,3.6341,2.2113
02 Jan 2014,3.6588,2.2113
31 Dec 2013,3.5749,2.1628
30 Dec 2013,3.5619,2.1594
27 Dec 2013,3.5371,2.1599
24 Dec 2013,3.5327,2.1599
23 Dec 2013,3.4956,2.1363
20 Dec 2013,3.4563,2.1098
19 Dec 2013,3.4447,2.1013
18 Dec 2013,3.3968,2.0915
17 Dec 2013,3.4102,2.0910
16 Dec 2013,3.4059,2.0918
13 Dec 2013,3.4180,2.0918
12 Dec 2013,3.4224,2.0913
11 Dec 2013,3.4362,2.0913
10 Dec 2013,3.4263,2.0915
09 Dec 2013,3.4121,2.0920
05 Dec 2013,3.4219,2.0925
04 Dec 2013,3.4351,2.0924
03 Dec 2013,3.4248,2.0924
02 Dec 2013,3.4178,2.0927
29 Nov 2013,3.4047,2.0830
28 Nov 2013,3.3911,2.0830
27 Nov 2013,3.3665,2.0814
26 Nov 2013,3.3570,2.0790
25 Nov 2013,3.3657,2.0762
22 Nov 2013,3.3455,2.0733
21 Nov 2013,3.3469,2.0720
20 Nov 2013,3.3342,2.0695
19 Nov 2013,3.3298,2.0672
18 Nov 2013,3.3266,2.0658
15 Nov 2013,3.3195,2.0637
14 Nov 2013,3.2929,2.0583
13 Nov 2013,3.2887,2.0580
12 Nov 2013,3.2847,2.0555
11 Nov 2013,3.2882,2.0555
08 Nov 2013,3.2937,2.0543
07 Nov 2013,3.2910,2.0465
06 Nov 2013,3.2904,2.0501
05 Nov 2013,3.2583,2.0418
04 Nov 2013,3.2456,2.0388
01 Nov 2013,3.2602,2.0333
31 Oct 2013,3.2587,2.0268
30 Oct 2013,3.2467,2.0221
29 Oct 2013,3.2559,2.0169
28 Oct 2013,3.2570,2.0145
25 Oct 2013,3.2641,2.0139
24 Oct 2013,3.2482,2.0083
23 Oct 2013,3.2569,2.0076
22 Oct 2013,3.2352,2.0031
21 Oct 2013,3.2397,2.0012
18 Oct 2013,3.2347,2.0009
17 Oct 2013,3.1810,2.0004
16 Oct 2013,3.1981,2.0003
14 Oct 2013,3.1901,2.0003
11 Oct 2013,0.0000,0.0000
10 Oct 2013,3.1887,2.0003
09 Oct 2013,3.2153,"20,002.0000"
08 Oct 2013,3.2195,2.0002
07 Oct 2013,3.3483,2.0002
04 Oct 2013,3.2333,2.0002
03 Oct 2013,3.2473,2.0002
02 Oct 2013,3.2432,2.0000
01 Oct 2013,3.2366,2.0000
30 Sep 2013,3.2266,2.0000
27 Sep 2013,3.2034,2.0000
26 Sep 2013,3.2140,2.0000
25 Sep 2013,3.2019,1.9998
24 Sep 2013,3.2035,1.9998
20 Sep 2013,3.2091,1.9998
19 Sep 2013,3.1932,2.0004
18 Sep 2013,3.1786,1.9994
17 Sep 2013,3.1858,1.9994
16 Sep 2013,3.1702,1.9994
13 Sep 2013,3.1623,1.9989
12 Sep 2013,3.1613,1.9989
11 Sep 2013,3.1428,1.9987
10 Sep 2013,3.1411,1.9984
09 Sep 2013,3.1238,1.9990
06 Sep 2013,3.1153,1.9976
05 Sep 2013,3.1254,1.9981
04 Sep 2013,3.1027,1.9975
03 Sep 2013,3.1056,1.9973
02 Sep 2013,3.0908,1.9973
30 Aug 2013,3.0964,1.9978
29 Aug 2013,3.1003,1.9971
28 Aug 2013,3.1049,1.9975
27 Aug 2013,3.1084,1.9968
26 Aug 2013,3.1125,1.9965
23 Aug 2013,3.1119,1.9965
22 Aug 2013,3.1330,1.9963
21 Aug 2013,3.1303,1.9960
20 Aug 2013,3.1268,1.9959
19 Aug 2013,3.1152,1.9954
16 Aug 2013,3.1049,1.9953
15 Aug 2013,3.0995,1.9953
14 Aug 2013,3.0844,1.9952
13 Aug 2013,3.0872,1.9943
12 Aug 2013,3.0932,1.9942
09 Aug 2013,3.0934,1.9941
07 Aug 2013,3.1042,2.0194
06 Aug 2013,3.0593,1.9934
05 Aug 2013,3.0768,2.0140
02 Aug 2013,3.0136,1.9931
01 Aug 2013,3.0237,1.9920
31 Jul 2013,3.0402,1.9937
30 Jul 2013,3.0587,1.9920
29 Jul 2013,3.0611,1.9920
26 Jul 2013,3.0521,1.9900
25 Jul 2013,3.0620,1.9926
24 Jul 2013,3.0623,1.9920
23 Jul 2013,3.0601,1.9920
22 Jul 2013,3.0380,1.9919
19 Jul 2013,3.0284,1.9925
18 Jul 2013,3.0248,1.9921
17 Jul 2013,3.0113,1.9915
16 Jul 2013,3.0059,1.9921
15 Jul 2013,3.0124,1.9919
12 Jul 2013,3.0122,1.9913
11 Jul 2013,2.9682,1.9873
10 Jul 2013,2.9568,1.9910
09 Jul 2013,2.9761,1.9903
08 Jul 2013,2.9682,1.9905
05 Jul 2013,3.0645,2.0058
04 Jul 2013,3.0645,2.0058
03 Jul 2013,3.0182,1.9901
02 Jul 2013,3.0285,1.9901
28 Jun 2013,3.0310,1.9895
27 Jun 2013,3.0508,1.9897
26 Jun 2013,3.0665,1.9893
25 Jun 2013,3.0890,2.0043
24 Jun 2013,3.0605,1.9832
21 Jun 2013,3.0881,1.9950
20 Jun 2013,3.1058,1.9829
19 Jun 2013,3.1310,2.0033
18 Jun 2013,3.1124,1.9827
17 Jun 2013,3.1221,1.9905
14 Jun 2013,3.1188,1.9870
13 Jun 2013,3.1079,1.9807
12 Jun 2013,3.0963,1.9870
11 Jun 2013,3.0788,1.9789
10 Jun 2013,3.0854,1.9843
07 Jun 2013,3.0802,1.9834
06 Jun 2013,3.0454,1.9769
05 Jun 2013,3.0244,1.9766
04 Jun 2013,3.0347,1.9757
03 Jun 2013,3.0126,1.9892
31 May 2013,3.0003,1.9735
30 May 2013,2.9826,1.9729
29 May 2013,2.9612,1.9660
28 May 2013,3.0004,1.9824
24 May 2013,2.9811,1.9719
23 May 2013,2.9606,1.9693
22 May 2013,2.9727,1.9601
21 May 2013,2.9990,1.9695
20 May 2013,2.9807,1.9646
17 May 2013,2.9888,1.9531
16 May 2013,2.9498,1.9404
15 May 2013,2.9590,1.9407
14 May 2013,2.9902,1.9555
13 May 2013,3.0086,1.9600
10 May 2013,3.0694,1.9796
09 May 2013,3.0573,1.9642
08 May 2013,3.0503,1.9714
07 May 2013,3.0253,1.9469
06 May 2013,3.0367,1.9505
03 May 2013,3.0377,1.9583
02 May 2013,3.0492,1.9599
30 Apr 2013,3.0513,1.9686
29 Apr 2013,3.0532,1.9706
26 Apr 2013,3.0282,1.9610
25 Apr 2013,2.9890,1.9586
24 Apr 2013,2.9797,1.9520
23 Apr 2013,2.9720,1.9473
22 Apr 2013,2.9649,1.9427
19 Apr 2013,2.9825,1.9496
18 Apr 2013,2.9595,1.9413
17 Apr 2013,2.9834,1.9484
16 Apr 2013,2.9706,1.9394
15 Apr 2013,2.9741,1.9360
12 Apr 2013,2.9992,1.9473
11 Apr 2013,2.9719,1.9413
10 Apr 2013,2.9786,1.9444
09 Apr 2013,2.9493,1.9328
08 Apr 2013,2.9813,1.9440
05 Apr 2013,2.9412,1.9363
04 Apr 2013,2.9434,1.9427
03 Apr 2013,2.9341,1.9407
02 Apr 2013,2.9444,1.9402
28 Mar 2013,2.9326,1.9398
27 Mar 2013,2.9361,1.9357
26 Mar 2013,2.9364,1.9335
25 Mar 2013,2.9423,1.9309
22 Mar 2013,2.9351,1.9343
21 Mar 2013,2.9202,1.9298
20 Mar 2013,2.9188,1.9295
19 Mar 2013,2.9161,1.9284
18 Mar 2013,2.9268,1.9339
15 Mar 2013,2.9040,1.9279
14 Mar 2013,2.8742,1.9263
13 Mar 2013,2.8577,1.9204
12 Mar 2013,2.8581,1.9161
11 Mar 2013,2.8561,1.9131
08 Mar 2013,2.8848,1.9163
07 Mar 2013,2.8975,1.9180
05 Mar 2013,2.9056,1.9223
04 Mar 2013,2.8709,1.9104
01 Mar 2013,2.9062,1.9156
28 Feb 2013,2.9024,1.9124
27 Feb 2013,2.8853,1.9104
26 Feb 2013,2.9027,1.9123
25 Feb 2013,2.8892,1.9077
22 Feb 2013,2.9079,1.9032
21 Feb 2013,2.8939,1.9049
20 Feb 2013,2.9349,1.9007
19 Feb 2013,2.9498,1.9046
18 Feb 2013,2.9468,1.9046
15 Feb 2013,2.9565,1.9041
14 Feb 2013,2.9519,1.9031
13 Feb 2013,2.9775,1.9018
12 Feb 2013,2.9820,1.9052
11 Feb 2013,3.0136,1.9093
08 Feb 2013,2.9999,1.9075
07 Feb 2013,2.9864,1.9063
06 Feb 2013,2.9826,1.9073
05 Feb 2013,3.0001,1.9070
04 Feb 2013,2.9918,1.9039
01 Feb 2013,3.0225,1.9048
31 Jan 2013,3.0087,1.9016
30 Jan 2013,2.9956,1.9010
29 Jan 2013,2.9948,1.9070
28 Jan 2013,3.0035,1.9064
25 Jan 2013,3.0109,1.9072
24 Jan 2013,3.0213,1.9069
23 Jan 2013,3.0188,1.9081
22 Jan 2013,3.0229,1.9071
21 Jan 2013,3.0269,1.9071
18 Jan 2013,3.0411,1.9026
17 Jan 2013,3.0428,1.9014
16 Jan 2013,3.0503,1.9013
15 Jan 2013,3.0432,1.8917
14 Jan 2013,3.0728,1.9036
11 Jan 2013,3.0733,1.9036
10 Jan 2013,3.0504,1.9044
09 Jan 2013,3.0580,1.9048
08 Jan 2013,3.0655,1.9049
07 Jan 2013,3.0573,1.9055
04 Jan 2013,3.0603,1.9057
03 Jan 2013,3.0911,1.9045
02 Jan 2013,3.1063,1.9022
31 Dec 2012,3.0679,1.9012
28 Dec 2012,3.0649,1.9007
27 Dec 2012,3.0682,1.9011
24 Dec 2012,3.0747,1.9010
21 Dec 2012,3.0901,1.9010
20 Dec 2012,3.0891,1.9005
19 Dec 2012,3.0913,1.9002
18 Dec 2012,3.0799,1.8999
17 Dec 2012,3.0742,1.8989
14 Dec 2012,3.0645,1.8995
13 Dec 2012,3.0676,1.9001
12 Dec 2012,3.0599,1.8994
11 Dec 2012,3.0518,1.8979
10 Dec 2012,3.0415,1.8979
06 Dec 2012,3.0546,1.8987
05 Dec 2012,3.0622,1.9006
04 Dec 2012,3.0618,1.9012
03 Dec 2012,3.0512,1.9023
30 Nov 2012,3.0544,1.9021
29 Nov 2012,3.0428,1.9009
28 Nov 2012,3.0391,1.8985
27 Nov 2012,3.0444,1.8970
26 Nov 2012,3.0383,1.8958
23 Nov 2012,3.0227,1.8947
22 Nov 2012,3.0238,1.8938
21 Nov 2012,3.0059,1.8915
20 Nov 2012,3.0095,1.8915
19 Nov 2012,3.0101,1.8917
16 Nov 2012,3.0010,1.8917
15 Nov 2012,2.9975,1.8915
14 Nov 2012,3.0048,1.8917
13 Nov 2012,3.0017,1.8917
12 Nov 2012,3.0007,1.8886
09 Nov 2012,3.0196,1.8875
08 Nov 2012,3.0190,1.8883
07 Nov 2012,3.0285,1.8887
06 Nov 2012,3.0307,1.8955
05 Nov 2012,3.0404,1.8960
02 Nov 2012,3.0522,1.8964
01 Nov 2012,3.0563,1.8940
31 Oct 2012,3.0476,1.8949
30 Oct 2012,3.0437,1.8967
29 Oct 2012,3.0512,1.8985
25 Oct 2012,3.0520,1.8995
24 Oct 2012,3.0382,1.9005
23 Oct 2012,3.0478,1.9040
22 Oct 2012,3.0525,1.9042
19 Oct 2012,3.0647,1.9092
18 Oct 2012,3.0799,1.9097
17 Oct 2012,3.0824,1.9097
16 Oct 2012,3.0754,1.9106
15 Oct 2012,3.0643,1.9104
12 Oct 2012,3.0639,1.9104
11 Oct 2012,3.0580,1.9105
10 Oct 2012,3.0600,1.9124
09 Oct 2012,3.0718,1.9147
08 Oct 2012,3.0819,1.9156
05 Oct 2012,3.1012,1.9161
04 Oct 2012,3.0869,1.9161
03 Oct 2012,3.0829,1.9162
02 Oct 2012,3.0932,1.9164
01 Oct 2012,3.0951,1.9175
28 Sep 2012,3.1188,1.9188
27 Sep 2012,3.1111,1.9208
26 Sep 2012,3.1056,1.9210
25 Sep 2012,3.1199,1.9204
24 Sep 2012,3.1154,1.9186
20 Sep 2012,3.1019,1.9164
19 Sep 2012,3.1124,1.9165
18 Sep 2012,3.1140,1.9181
17 Sep 2012,3.1131,1.9190
14 Sep 2012,3.1089,1.9195
13 Sep 2012,3.0985,1.9216
12 Sep 2012,3.0997,1.9238
11 Sep 2012,3.0890,1.9283
10 Sep 2012,3.0914,1.9322
07 Sep 2012,3.0901,1.9347
06 Sep 2012,3.0806,1.9363
05 Sep 2012,3.0704,1.9368
04 Sep 2012,3.0797,1.9363
03 Sep 2012,3.0718,1.9363
31 Aug 2012,3.0597,1.9374
30 Aug 2012,3.0677,1.9372
29 Aug 2012,3.0685,1.9396
28 Aug 2012,3.0609,1.9402
27 Aug 2012,3.0729,1.9427
24 Aug 2012,3.0802,1.9436
23 Aug 2012,3.0912,1.9445
22 Aug 2012,3.0691,1.9440
21 Aug 2012,3.0638,1.9445
17 Aug 2012,3.0546,1.9445
16 Aug 2012,3.0436,1.9451
15 Aug 2012,3.0485,1.9460
14 Aug 2012,3.0572,1.9460
13 Aug 2012,3.0464,1.9437
09 Aug 2012,3.0482,1.9431
08 Aug 2012,3.0286,1.9427
07 Aug 2012,3.0343,1.9422
06 Aug 2012,3.0260,1.9427
03 Aug 2012,3.0130,1.9423
02 Aug 2012,3.0170,1.9412
01 Aug 2012,3.0413,1.9410
31 Jul 2012,3.0481,1.9411
30 Jul 2012,3.0446,1.9405
27 Jul 2012,3.0421,1.9405
26 Jul 2012,3.0059,1.9395
25 Jul 2012,3.0112,1.9381
24 Jul 2012,3.0060,1.9387
23 Jul 2012,3.0173,1.9386
20 Jul 2012,3.0410,1.9377
19 Jul 2012,3.0363,1.9364
18 Jul 2012,3.0272,1.9358
17 Jul 2012,3.0243,1.9338
16 Jul 2012,3.0039,1.9318
13 Jul 2012,2.9791,1.9317
12 Jul 2012,2.9829,1.9283
11 Jul 2012,2.9933,1.9277
10 Jul 2012,2.9896,1.9270
09 Jul 2012,2.9865,1.9263
06 Jul 2012,2.9888,1.9255
05 Jul 2012,3.0056,1.9256
04 Jul 2012,3.0122,1.9209
03 Jul 2012,3.0137,1.9195
29 Jun 2012,3.0035,1.9170
28 Jun 2012,2.9932,1.9170
27 Jun 2012,2.9925,1.9157
26 Jun 2012,2.9763,1.9084
25 Jun 2012,2.9812,1.9139
22 Jun 2012,2.9853,1.9114
21 Jun 2012,2.9987,1.9123
20 Jun 2012,3.0081,1.9124
19 Jun 2012,2.9921,"19,078.0000"
18 Jun 2012,2.9817,1.9003
15 Jun 2012,2.9471,1.9001
14 Jun 2012,0.0000,0.0000
13 Jun 2012,2.9539,1.8964
12 Jun 2012,2.9397,1.8948
11 Jun 2012,2.9428,1.8949
08 Jun 2012,2.9331,1.8983
07 Jun 2012,2.9299,1.8960
06 Jun 2012,2.9284,1.8953
05 Jun 2012,2.9115,1.8943
04 Jun 2012,2.9093,1.8925
01 Jun 2012,2.9136,1.8936
31 May 2012,2.9245,1.8891
30 May 2012,2.9335,1.8814
29 May 2012,2.9588,1.8834
28 May 2012,2.9533,1.8812
24 May 2012,2.9378,1.8719
23 May 2012,2.9501,1.8719
22 May 2012,2.9623,1.8700
21 May 2012,2.9540,1.8682
18 May 2012,2.9422,1.8663
17 May 2012,2.9571,1.8597
16 May 2012,2.9601,1.8541
15 May 2012,2.9773,1.8485
14 May 2012,2.9692,1.8474
11 May 2012,2.9701,1.8433
10 May 2012,2.9632,1.8349
09 May 2012,2.9608,1.8329
08 May 2012,3.0077,1.8276
07 May 2012,2.9336,1.8164
04 May 2012,2.9335,1.8138
03 May 2012,2.9346,1.8134
02 May 2012,2.9426,1.8125
30 Apr 2012,2.9558,1.8148
27 Apr 2012,2.9226,1.8072
26 Apr 2012,2.9209,1.8040
25 Apr 2012,2.9093,1.8012
24 Apr 2012,2.8918,1.7933
23 Apr 2012,2.8767,1.7857
20 Apr 2012,2.8594,1.7801
19 Apr 2012,2.8526,1.7786
18 Apr 2012,2.8254,1.7736
17 Apr 2012,2.8214,1.7710
16 Apr 2012,2.7984,1.7674
13 Apr 2012,2.8130,1.7645
12 Apr 2012,2.8032,1.7597
11 Apr 2012,2.7902,1.7535
10 Apr 2012,2.7827,1.7503
05 Apr 2012,2.7813,1.7491
04 Apr 2012,2.7802,1.7488
03 Apr 2012,2.8019,1.7470
02 Apr 2012,2.8022,1.7484
30 Mar 2012,2.8001,1.7479
29 Mar 2012,2.7815,1.7468
28 Mar 2012,2.7839,1.7463
27 Mar 2012,2.7712,1.7370
26 Mar 2012,2.7512,1.7345
23 Mar 2012,2.7525,1.7353
22 Mar 2012,2.7461,1.7283
21 Mar 2012,2.7395,1.7249
20 Mar 2012,2.7308,1.7206
19 Mar 2012,2.7125,1.7125
16 Mar 2012,2.6878,1.7095
15 Mar 2012,2.6743,1.7075
14 Mar 2012,2.6671,1.7035
13 Mar 2012,2.6654,1.7032
12 Mar 2012,2.6676,1.7014
09 Mar 2012,2.6876,1.7000
08 Mar 2012,2.6780,1.6991
07 Mar 2012,2.6712,1.6980
05 Mar 2012,2.6866,1.6976
02 Mar 2012,2.7033,1.6962
01 Mar 2012,2.6995,1.6961
29 Feb 2012,2.7017,1.6958
28 Feb 2012,2.6887,1.6966
27 Feb 2012,2.6909,1.6962
24 Feb 2012,2.6705,1.6958
23 Feb 2012,2.6603,1.6951
22 Feb 2012,2.6744,1.6935
21 Feb 2012,2.6860,1.6931
20 Feb 2012,2.6817,1.6918
17 Feb 2012,2.6738,1.6914
16 Feb 2012,2.6457,1.6875
15 Feb 2012,2.6525,1.6857
14 Feb 2012,2.6493,1.6851
13 Feb 2012,2.6615,1.6848
10 Feb 2012,2.6635,1.6815
09 Feb 2012,2.6635,1.6815
08 Feb 2012,2.6740,1.6807
07 Feb 2012,2.6552,1.6801
06 Feb 2012,2.6514,1.6810
03 Feb 2012,2.6622,1.6819
02 Feb 2012,2.6637,1.6812
01 Feb 2012,2.6464,1.6822
31 Jan 2012,2.6467,1.6822
30 Jan 2012,2.6409,1.6839
27 Jan 2012,2.6428,1.6847
26 Jan 2012,2.6447,1.6886
25 Jan 2012,2.6299,1.6853
24 Jan 2012,2.5514,1.6402
23 Jan 2012,2.5326,1.6301
20 Jan 2012,2.5059,1.6167
19 Jan 2012,2.4924,1.6158
18 Jan 2012,2.4745,1.6131
17 Jan 2012,2.4784,1.6122
16 Jan 2012,2.4659,1.6099
13 Jan 2012,2.4785,1.6099
12 Jan 2012,2.4623,1.6076
11 Jan 2012,2.4866,1.6072
10 Jan 2012,2.4864,1.6067
09 Jan 2012,2.4795,1.6067
06 Jan 2012,2.4889,1.6063
05 Jan 2012,2.5032,1.6042
04 Jan 2012,2.5087,1.6024
03 Jan 2012,2.4948,1.6024
30 Dec 2011,2.4741,1.6024
29 Dec 2011,2.4788,1.6024
28 Dec 2011,2.5092,1.6024
23 Dec 2011,2.5164,1.6024
22 Dec 2011,2.5129,1.6024
21 Dec 2011,2.5159,1.6024
20 Dec 2011,2.4906,1.6024
19 Dec 2011,2.4841,1.6024
16 Dec 2011,2.4888,1.6020
15 Dec 2011,2.4795,1.6020
14 Dec 2011,2.4813,1.6024
13 Dec 2011,2.4989,1.6029
12 Dec 2011,2.4774,1.5914
09 Dec 2011,2.4853,1.5909
08 Dec 2011,2.4994,1.5905
07 Dec 2011,2.4852,1.5905
06 Dec 2011,2.4864,1.5918
05 Dec 2011,2.4882,1.5913
02 Dec 2011,0.0000,0.0000
01 Dec 2011,2.4978,1.5913
30 Nov 2011,2.4664,1.5859
29 Nov 2011,2.4542,1.5818
28 Nov 2011,2.4469,1.5818
25 Nov 2011,2.4478,1.5814
24 Nov 2011,2.4602,1.5814
23 Nov 2011,2.4700,1.5814
22 Nov 2011,2.4712,1.5775
21 Nov 2011,2.4806,1.5775
18 Nov 2011,2.4909,1.5775
17 Nov 2011,2.4833,1.5780
16 Nov 2011,2.4865,1.5775
15 Nov 2011,2.5093,1.5757
14 Nov 2011,2.5252,1.5757
11 Nov 2011,2.5098,1.5753
10 Nov 2011,2.5057,1.5748
09 Nov 2011,2.5338,1.5739
08 Nov 2011,2.5266,1.5739
04 Nov 2011,2.5200,1.5739
03 Nov 2011,2.5031,1.5739
02 Nov 2011,2.5181,1.5739
01 Nov 2011,2.5212,1.5739
31 Oct 2011,2.5241,1.5739
28 Oct 2011,2.5294,1.5726
27 Oct 2011,2.5149,1.5728
26 Oct 2011,2.5184,1.5737
25 Oct 2011,2.5222,1.5746
24 Oct 2011,2.5063,1.5698
21 Oct 2011,2.4763,1.5698
20 Oct 2011,2.4661,1.5698
19 Oct 2011,2.4744,1.5698
18 Oct 2011,2.4719,1.5689
17 Oct 2011,2.4763,1.5652
14 Oct 2011,2.4637,1.5630
13 Oct 2011,2.4610,1.5630
12 Oct 2011,2.4485,1.5620
11 Oct 2011,2.4412,1.5611
10 Oct 2011,2.4266,1.5545
07 Oct 2011,2.4148,1.5550
06 Oct 2011,2.4036,1.5545
05 Oct 2011,2.3998,1.5545
04 Oct 2011,2.3909,1.5501
03 Oct 2011,2.4124,1.5492
30 Sep 2011,2.4138,1.5492
29 Sep 2011,2.4313,1.5496
28 Sep 2011,2.4181,1.5474
27 Sep 2011,2.4065,1.5474
26 Sep 2011,2.3941,1.5460
23 Sep 2011,2.3861,1.5436
22 Sep 2011,2.3846,1.5431
20 Sep 2011,2.4242,1.5436
19 Sep 2011,2.4296,1.5435
16 Sep 2011,2.4223,1.5364
15 Sep 2011,2.4203,1.5364
14 Sep 2011,2.4127,1.5327
13 Sep 2011,2.4229,1.5327
12 Sep 2011,2.4218,1.5314
09 Sep 2011,2.4429,1.5305
08 Sep 2011,2.4367,1.5305
07 Sep 2011,2.4475,1.5300
06 Sep 2011,2.4729,1.5300
05 Sep 2011,2.4658,1.5278
02 Sep 2011,2.4726,1.5278
01 Sep 2011,2.4781,1.5278
30 Aug 2011,2.5015,1.5274
29 Aug 2011,2.5057,1.5274
26 Aug 2011,2.4944,1.5290
25 Aug 2011,2.5050,1.5291
24 Aug 2011,2.5217,1.5290
23 Aug 2011,2.5288,1.5280
22 Aug 2011,2.5167,1.5266
19 Aug 2011,2.5222,1.5266
18 Aug 2011,2.5209,1.5254
17 Aug 2011,2.5081,1.5254
16 Aug 2011,2.4889,1.5238
15 Aug 2011,2.4832,1.5238
12 Aug 2011,2.4739,1.5238
11 Aug 2011,2.4667,1.5238
10 Aug 2011,2.4759,1.5229
09 Aug 2011,2.4916,1.5224
08 Aug 2011,2.4977,1.5224
05 Aug 2011,2.4782,1.5224
04 Aug 2011,2.4903,1.5224
03 Aug 2011,2.4826,1.5224
02 Aug 2011,2.4790,1.5220
01 Aug 2011,2.5003,1.5220
29 Jul 2011,2.4852,1.5229
28 Jul 2011,2.4887,1.5229
27 Jul 2011,2.5015,1.5229
26 Jul 2011,2.4884,1.5229
25 Jul 2011,2.4828,1.5229
22 Jul 2011,2.4812,1.5229
21 Jul 2011,2.4617,1.5229
20 Jul 2011,2.4495,1.5229
19 Jul 2011,2.4562,1.5229
18 Jul 2011,2.4502,1.5229
15 Jul 2011,2.4545,1.5229
14 Jul 2011,2.4533,1.5229
13 Jul 2011,2.4298,1.5229
12 Jul 2011,2.4153,1.5229
11 Jul 2011,2.4335,1.5229
08 Jul 2011,2.4319,1.5229
07 Jul 2011,2.4314,1.5222
06 Jul 2011,2.4368,1.5213
05 Jul 2011,2.4378,1.5213
04 Jul 2011,2.4508,1.5213
30 Jun 2011,2.4464,1.5224
29 Jun 2011,2.4324,1.5224
28 Jun 2011,2.4301,1.5224
27 Jun 2011,2.4320,1.5224
24 Jun 2011,2.4322,1.5224
23 Jun 2011,2.4377,1.5224
22 Jun 2011,2.4677,1.5224
21 Jun 2011,2.4709,1.5224
20 Jun 2011,2.4584,1.5224
17 Jun 2011,2.4547,1.5222
16 Jun 2011,2.4550,1.5217
15 Jun 2011,2.4897,1.5217
14 Jun 2011,2.4995,1.5215
13 Jun 2011,2.4767,1.5215
10 Jun 2011,2.4708,1.5215
09 Jun 2011,2.5036,1.5216
08 Jun 2011,2.4933,1.5215
07 Jun 2011,2.4995,1.5215
06 Jun 2011,2.4989,1.5215
03 Jun 2011,2.4867,1.5215
02 Jun 2011,2.4828,1.5212
01 Jun 2011,2.5070,1.5211
31 May 2011,2.5119,1.5210
30 May 2011,2.5044,1.5210
27 May 2011,2.4998,1.5215
26 May 2011,2.4793,1.5215
24 May 2011,2.4551,1.5218
23 May 2011,2.4598,1.5218
20 May 2011,2.4725,1.5210
19 May 2011,2.4547,1.5210
18 May 2011,2.4705,1.5210
17 May 2011,2.4765,1.5242
16 May 2011,2.4699,1.5242
13 May 2011,2.4850,1.5242
12 May 2011,2.4902,1.5242
11 May 2011,2.4948,1.5242
10 May 2011,2.4976,1.5242
09 May 2011,2.4988,1.5242
06 May 2011,2.4995,1.5253
05 May 2011,2.5212,1.5243
04 May 2011,2.5160,1.5264
03 May 2011,2.5306,1.5277
29 Apr 2011,2.5484,1.5281
28 Apr 2011,2.5653,1.5374
27 Apr 2011,2.5329,1.5392
26 Apr 2011,2.5427,1.5395
21 Apr 2011,2.5480,1.5406
20 Apr 2011,2.5224,1.5406
19 Apr 2011,2.5036,1.5404
18 Apr 2011,2.5065,1.5404
15 Apr 2011,2.5143,1.5381
14 Apr 2011,2.5153,1.5383
13 Apr 2011,2.5060,1.5383
12 Apr 2011,2.5109,1.5389
11 Apr 2011,2.5133,1.5392
08 Apr 2011,2.5284,1.5401
07 Apr 2011,2.5151,1.5401
06 Apr 2011,2.5061,1.5331
05 Apr 2011,2.4842,1.5331
04 Apr 2011,2.4806,1.5357
01 Apr 2011,2.4685,1.5357
31 Mar 2011,2.4786,1.5359
30 Mar 2011,2.4644,1.5359
29 Mar 2011,2.4613,1.5359
28 Mar 2011,2.4534,1.5355
25 Mar 2011,2.4734,1.5352
24 Mar 2011,2.4915,1.5352
23 Mar 2011,2.5096,1.5338
22 Mar 2011,2.5033,1.5329
21 Mar 2011,2.5060,1.5595
18 Mar 2011,2.4721,1.5314
17 Mar 2011,2.4580,1.5305
16 Mar 2011,2.4664,1.5308
15 Mar 2011,2.4605,1.5304
14 Mar 2011,2.4554,1.5304
11 Mar 2011,2.4546,1.5299
10 Mar 2011,2.4672,1.5295
09 Mar 2011,2.4692,1.5295
08 Mar 2011,2.4755,1.5295
04 Mar 2011,2.4894,1.5293
03 Mar 2011,2.4952,1.5290
02 Mar 2011,2.4813,1.5290
01 Mar 2011,2.4869,1.5290
28 Feb 2011,2.4641,1.5290
25 Feb 2011,2.4689,1.5290
24 Feb 2011,2.4736,1.5290
23 Feb 2011,2.4790,1.5290
22 Feb 2011,2.4736,1.5290
21 Feb 2011,2.4807,1.5281
18 Feb 2011,2.4747,1.5281
17 Feb 2011,2.4668,1.5316
16 Feb 2011,2.4764,1.5319
15 Feb 2011,2.4622,1.5337
14 Feb 2011,2.4581,1.5339
11 Feb 2011,2.4642,1.5339
10 Feb 2011,2.4647,1.5344
09 Feb 2011,2.4705,1.5362
08 Feb 2011,2.4797,1.5362
07 Feb 2011,2.4842,1.5362
04 Feb 2011,2.4840,1.5362
03 Feb 2011,2.4653,1.5204
02 Feb 2011,2.4443,1.5108
01 Feb 2011,2.4108,1.5013
31 Jan 2011,2.3714,1.4963
28 Jan 2011,2.3736,1.4959
27 Jan 2011,2.3774,1.4950
26 Jan 2011,2.3578,1.4913
25 Jan 2011,2.3689,1.4855
24 Jan 2011,2.3654,1.4850
21 Jan 2011,2.3551,1.4786
20 Jan 2011,2.3569,1.4771
19 Jan 2011,2.3665,1.4771
18 Jan 2011,2.3584,1.4771
17 Jan 2011,2.3404,1.4753
14 Jan 2011,2.3371,1.4753
13 Jan 2011,2.3149,1.4717
12 Jan 2011,2.3033,1.4713
11 Jan 2011,2.2888,1.4717
10 Jan 2011,2.2850,1.4708
07 Jan 2011,2.2722,1.4708
06 Jan 2011,2.2873,1.4706
05 Jan 2011,2.2964,1.4695
04 Jan 2011,2.2809,1.4687
31 Dec 2010,2.2706,1.4656
30 Dec 2010,2.2738,1.4656
29 Dec 2010,2.2569,1.4656
24 Dec 2010,2.2653,1.4647
23 Dec 2010,2.2527,1.4639
22 Dec 2010,2.2663,1.4638
21 Dec 2010,2.2717,1.4600
20 Dec 2010,2.2717,1.4612
17 Dec 2010,2.2769,1.4573
16 Dec 2010,2.2690,1.4573
15 Dec 2010,2.2888,1.4538
14 Dec 2010,2.3075,1.4514
13 Dec 2010,2.2907,1.4511
10 Dec 2010,2.2939,1.4511
09 Dec 2010,2.2904,1.4492
08 Dec 2010,2.2779,1.4492
07 Dec 2010,2.2879,1.4495
06 Dec 2010,2.2790,1.4495
02 Dec 2010,2.2649,1.4490
01 Dec 2010,2.2557,1.4478
30 Nov 2010,2.2528,1.4473
29 Nov 2010,2.2610,1.4466
26 Nov 2010,2.2701,1.4430
25 Nov 2010,2.2802,1.4451
24 Nov 2010,2.2814,1.4451
23 Nov 2010,2.3017,1.4446
22 Nov 2010,2.3162,1.4435
19 Nov 2010,2.3174,1.4430
18 Nov 2010,2.2991,1.4430
17 Nov 2010,2.2904,1.4428
15 Nov 2010,2.3167,1.4426
12 Nov 2010,2.3146,1.4422
11 Nov 2010,2.3289,1.4418
10 Nov 2010,2.3056,1.4418
09 Nov 2010,2.3210,1.4415
08 Nov 2010,2.3287,1.4415
05 Nov 2010,2.3383,1.4419
04 Nov 2010,2.3231,1.4408
03 Nov 2010,2.3050,1.4381
02 Nov 2010,2.3077,1.4381
01 Nov 2010,2.3101,1.4403
29 Oct 2010,2.2895,1.4400
28 Oct 2010,2.2713,1.4400
27 Oct 2010,2.2747,1.4399
26 Oct 2010,2.2720,1.4399
25 Oct 2010,2.2667,1.4399
22 Oct 2010,2.2583,1.4398
21 Oct 2010,2.2671,1.4399
20 Oct 2010,2.2679,1.4399
19 Oct 2010,2.2827,1.4399
18 Oct 2010,2.2820,1.4399
15 Oct 2010,2.3119,1.4398
14 Oct 2010,2.3123,1.4398
13 Oct 2010,2.2864,1.4388
12 Oct 2010,2.2805,1.4386
11 Oct 2010,2.2935,1.4386
08 Oct 2010,2.2822,1.4400
07 Oct 2010,2.2901,1.4384
06 Oct 2010,2.2873,1.4384
05 Oct 2010,2.2810,1.4401
04 Oct 2010,2.2729,1.4390
01 Oct 2010,2.2733,1.4388
30 Sep 2010,2.2868,1.4422
29 Sep 2010,2.2814,1.4421
28 Sep 2010,2.2777,1.4423
27 Sep 2010,2.2821,1.4428
24 Sep 2010,2.2613,1.4428
23 Sep 2010,2.2580,1.4428
22 Sep 2010,2.2620,1.4428
20 Sep 2010,2.2591,1.4428
17 Sep 2010,2.2682,1.4429
16 Sep 2010,2.2529,1.4427
15 Sep 2010,2.2412,1.4433
14 Sep 2010,2.2223,1.4431
13 Sep 2010,2.2342,1.4433
09 Sep 2010,2.2243,1.4432
08 Sep 2010,2.2324,1.4430
07 Sep 2010,2.2175,1.4430
06 Sep 2010,2.2293,1.4429
03 Sep 2010,2.2275,1.4429
02 Sep 2010,2.2218,1.4429
01 Sep 2010,2.2237,1.4429
31 Aug 2010,2.2241,1.4428
30 Aug 2010,2.2450,1.4428
27 Aug 2010,2.2388,1.4426
26 Aug 2010,2.2450,1.4428
25 Aug 2010,2.2288,1.4438
24 Aug 2010,2.2217,1.4438
23 Aug 2010,2.2510,1.4437
20 Aug 2010,2.2444,1.4439
19 Aug 2010,2.2414,1.4438
18 Aug 2010,2.2397,1.4435
17 Aug 2010,2.2612,1.4438
16 Aug 2010,2.2573,1.4437
13 Aug 2010,2.2588,1.4439
12 Aug 2010,2.2584,1.4414
11 Aug 2010,2.2764,1.4426
10 Aug 2010,2.2802,1.4425
09 Aug 2010,2.3032,1.4432
06 Aug 2010,2.2964,1.4435
05 Aug 2010,2.2896,1.4441
04 Aug 2010,2.3019,1.4444
03 Aug 2010,2.3046,1.4445
02 Aug 2010,2.2839,1.4467
30 Jul 2010,2.2615,1.4463
29 Jul 2010,2.2645,1.4478
28 Jul 2010,2.2554,1.4478
27 Jul 2010,2.2409,1.4478
26 Jul 2010,2.2405,1.4478
23 Jul 2010,2.2208,1.4478
22 Jul 2010,2.2010,1.4468
21 Jul 2010,2.2135,1.4441
20 Jul 2010,2.2049,1.4435
19 Jul 2010,2.2127,1.4431
16 Jul 2010,2.2277,1.4435
15 Jul 2010,2.2068,1.4435
14 Jul 2010,2.1990,1.4437
13 Jul 2010,2.1618,1.4412
12 Jul 2010,2.1570,1.4401
09 Jul 2010,2.1853,1.4393
08 Jul 2010,2.1840,1.4397
07 Jul 2010,2.1727,1.4377
06 Jul 2010,2.1821,1.4366
05 Jul 2010,2.1800,1.4364
02 Jul 2010,2.1649,1.4272
30 Jun 2010,2.1600,1.4351
29 Jun 2010,2.1633,1.4349
28 Jun 2010,2.1546,1.4332
25 Jun 2010,2.1397,1.4330
24 Jun 2010,2.1418,1.4330
23 Jun 2010,2.1301,1.4322
22 Jun 2010,2.1127,1.4317
21 Jun 2010,2.1291,1.4315
18 Jun 2010,2.1280,1.4309
17 Jun 2010,2.1004,1.4311
16 Jun 2010,2.1166,1.4305
15 Jun 2010,2.1095,1.4303
14 Jun 2010,2.0977,1.4298
11 Jun 2010,2.1018,1.4298
10 Jun 2010,2.0850,1.4292
09 Jun 2010,2.0691,1.4291
08 Jun 2010,2.0726,1.4287
07 Jun 2010,2.0625,1.4293
04 Jun 2010,2.0903,1.4290
03 Jun 2010,2.1030,1.4293
02 Jun 2010,2.1057,1.4293
01 Jun 2010,2.0645,1.4272
31 May 2010,2.0704,1.4278
28 May 2010,2.0810,1.4278
27 May 2010,2.0685,1.4280
26 May 2010,2.0541,1.4275
24 May 2010,2.0700,1.4275
21 May 2010,2.0548,1.4275
20 May 2010,2.0510,1.4273
19 May 2010,2.0470,1.4310
18 May 2010,2.0739,1.4310
17 May 2010,2.0640,1.4312
14 May 2010,2.0794,1.4295
13 May 2010,2.1177,1.4295
12 May 2010,2.1330,1.4295
11 May 2010,2.1216,1.4296
10 May 2010,2.1367,1.4296
07 May 2010,2.1056,1.4295
06 May 2010,2.1495,1.4295
05 May 2010,2.1668,1.4295
04 May 2010,2.1741,1.4295
30 Apr 2010,2.1954,1.4292
29 Apr 2010,2.1705,1.4289
28 Apr 2010,2.1762,1.4290
27 Apr 2010,2.1996,1.4302
26 Apr 2010,2.2134,1.4313
23 Apr 2010,2.1981,1.4317
22 Apr 2010,2.2104,1.4316
21 Apr 2010,2.2031,1.4321
20 Apr 2010,2.1986,1.4325
19 Apr 2010,2.1832,1.4320
16 Apr 2010,2.2111,1.4321
15 Apr 2010,2.2172,1.4324
14 Apr 2010,2.2088,1.4324
13 Apr 2010,2.1992,1.4323
12 Apr 2010,2.2122,1.4322
09 Apr 2010,2.1977,1.4327
08 Apr 2010,2.1743,1.4327
07 Apr 2010,2.1888,1.4327
06 Apr 2010,2.1761,1.4325
01 Apr 2010,2.1829,1.4324
31 Mar 2010,2.1625,1.4324
30 Mar 2010,2.1607,1.4328
29 Mar 2010,2.1513,1.4328
26 Mar 2010,2.1256,1.4333
25 Mar 2010,2.1425,1.4357
24 Mar 2010,2.1542,1.4357
23 Mar 2010,2.1588,1.4357
22 Mar 2010,2.1523,1.4358
19 Mar 2010,2.1793,1.4358
18 Mar 2010,2.1913,1.4358
17 Mar 2010,2.1873,1.4371
16 Mar 2010,2.1597,1.4379
15 Mar 2010,2.1753,1.4387
12 Mar 2010,2.1717,1.4387
11 Mar 2010,2.1549,1.4393
10 Mar 2010,2.1469,1.4393
09 Mar 2010,2.1597,1.4394
05 Mar 2010,2.1634,1.4394
04 Mar 2010,2.1644,1.4395
03 Mar 2010,2.1604,1.4395
02 Mar 2010,2.1443,1.4397
01 Mar 2010,2.1803,1.4396
26 Feb 2010,2.1961,1.4396
25 Feb 2010,2.2061,1.4387
24 Feb 2010,2.2233,1.4397
23 Feb 2010,2.2403,1.4397
22 Feb 2010,2.2275,1.4397
19 Feb 2010,2.2203,1.4397
18 Feb 2010,2.2496,1.4397
17 Feb 2010,2.2712,1.4397
16 Feb 2010,2.2634,1.4396
15 Feb 2010,2.2520,1.4394
12 Feb 2010,2.2619,1.4394
11 Feb 2010,2.2470,1.4391
10 Feb 2010,2.2550,1.4392
09 Feb 2010,2.2517,1.4390
08 Feb 2010,2.2409,1.4390
05 Feb 2010,2.2619,1.4388
04 Feb 2010,2.2871,1.4382
03 Feb 2010,2.3079,1.4382
02 Feb 2010,2.2922,1.4376
01 Feb 2010,2.2907,1.4376
29 Jan 2010,2.3177,1.4376
28 Jan 2010,2.3311,1.4376
27 Jan 2010,2.3200,1.4374
26 Jan 2010,2.3318,1.4371
25 Jan 2010,2.3174,1.4367
22 Jan 2010,2.3361,1.4376
21 Jan 2010,2.3337,1.4349
20 Jan 2010,2.3385,1.4365
19 Jan 2010,2.3633,1.4379
18 Jan 2010,2.3498,1.4396
15 Jan 2010,2.3534,1.4411
14 Jan 2010,2.3485,1.4410
13 Jan 2010,2.3368,1.4415
12 Jan 2010,2.3209,1.4410
11 Jan 2010,2.3205,1.4409
08 Jan 2010,2.3013,1.4409
07 Jan 2010,2.3006,1.4413
06 Jan 2010,2.3110,1.4409
05 Jan 2010,2.3223,1.4421
04 Jan 2010,2.3198,1.4409
31 Dec 2009,2.3280,1.4441
30 Dec 2009,2.2950,1.4441
29 Dec 2009,2.3143,1.4437
24 Dec 2009,2.3105,1.4437
23 Dec 2009,2.3039,1.4442
22 Dec 2009,2.3227,1.4439
21 Dec 2009,2.3337,1.4460
18 Dec 2009,2.3481,1.4454
17 Dec 2009,2.3439,1.4454
16 Dec 2009,2.3519,1.4461
15 Dec 2009,2.3535,1.4461
14 Dec 2009,2.3519,1.4461
11 Dec 2009,2.3561,1.4461
10 Dec 2009,2.3519,1.4461
09 Dec 2009,2.3507,1.4481
08 Dec 2009,2.3704,1.4482
07 Dec 2009,2.3795,1.4494
03 Dec 2009,2.4188,1.4496
02 Dec 2009,2.4033,1.4496
01 Dec 2009,2.3856,1.4496
30 Nov 2009,2.3902,1.4496
26 Nov 2009,2.4064,1.4500
25 Nov 2009,2.4174,1.4501
24 Nov 2009,2.3995,1.4501
23 Nov 2009,2.4032,1.4501
20 Nov 2009,2.4091,1.4501
19 Nov 2009,2.4195,1.4501
18 Nov 2009,2.4371,1.4506
17 Nov 2009,2.4444,1.4506
16 Nov 2009,2.4292,1.4506
13 Nov 2009,2.4114,1.4516
12 Nov 2009,2.4059,1.4516
11 Nov 2009,2.4268,1.4516
10 Nov 2009,2.4190,1.4519
09 Nov 2009,2.4347,1.4520
06 Nov 2009,2.4238,1.4594
05 Nov 2009,2.4057,1.4594
04 Nov 2009,2.4051,1.4594
03 Nov 2009,2.3859,1.4622
02 Nov 2009,2.4093,1.4665
30 Oct 2009,2.4267,1.4668
29 Oct 2009,2.4125,1.4669
28 Oct 2009,2.4016,1.4669
27 Oct 2009,2.4011,1.4673
26 Oct 2009,2.3906,1.4673
23 Oct 2009,2.3906,1.4673
22 Oct 2009,2.4329,1.4682
21 Oct 2009,2.4209,1.4682
20 Oct 2009,2.4049,1.4695
19 Oct 2009,2.3892,1.4695
16 Oct 2009,2.3975,1.4695
15 Oct 2009,2.3765,1.4695
14 Oct 2009,2.3443,1.4695
13 Oct 2009,2.3186,1.4696
12 Oct 2009,2.3157,1.4705
09 Oct 2009,2.3511,1.4695
08 Oct 2009,2.3586,1.4695
07 Oct 2009,2.3392,1.4695
06 Oct 2009,2.3562,1.4695
05 Oct 2009,2.3461,1.4699
02 Oct 2009,2.3345,1.4699
01 Oct 2009,2.3495,1.4701
30 Sep 2009,2.3627,1.4699
29 Sep 2009,2.3347,1.4710
28 Sep 2009,2.3386,1.4710
25 Sep 2009,2.3588,1.4719
24 Sep 2009,2.3900,1.4723
23 Sep 2009,2.4074,1.4725
22 Sep 2009,2.4028,1.4745
18 Sep 2009,2.4043,1.4745
17 Sep 2009,2.4404,1.4752
16 Sep 2009,2.4328,1.4756
15 Sep 2009,2.4533,1.4757
14 Sep 2009,2.4461,1.4756
11 Sep 2009,2.4631,1.4767
10 Sep 2009,2.4396,1.4767
09 Sep 2009,2.4311,1.4770
08 Sep 2009,2.4318,1.4770
07 Sep 2009,2.4266,1.4772
04 Sep 2009,2.4153,1.4778
03 Sep 2009,2.4115,1.4787
02 Sep 2009,2.3860,1.4787
01 Sep 2009,2.4163,1.4787
31 Aug 2009,2.4010,1.4804
28 Aug 2009,2.4137,1.4809
27 Aug 2009,2.4017,1.4804
26 Aug 2009,2.4184,1.4827
25 Aug 2009,2.4300,1.4837
24 Aug 2009,2.4480,1.4853
21 Aug 2009,2.4511,1.4857
20 Aug 2009,2.4587,1.4857
19 Aug 2009,2.4453,1.4859
18 Aug 2009,2.4392,1.4875
17 Aug 2009,2.4307,1.4866
14 Aug 2009,2.4556,1.4878
13 Aug 2009,2.4672,1.4897
12 Aug 2009,2.4440,1.4888
11 Aug 2009,2.4514,1.4898
10 Aug 2009,2.4852,1.4939
07 Aug 2009,2.5034,1.4952
06 Aug 2009,2.5406,1.4954
05 Aug 2009,2.5341,1.4941
04 Aug 2009,2.5308,1.4949
03 Aug 2009,2.5009,1.4932
31 Jul 2009,2.4675,1.4899
30 Jul 2009,2.4551,1.4894
29 Jul 2009,2.4370,1.4887
28 Jul 2009,2.4640,1.4887
27 Jul 2009,2.4362,1.4810
24 Jul 2009,2.4437,1.4810
23 Jul 2009,2.4466,1.4810
22 Jul 2009,2.4205,1.4810
21 Jul 2009,2.4328,1.4796
20 Jul 2009,2.4460,1.4814
17 Jul 2009,2.4150,1.4814
16 Jul 2009,2.4258,1.4812
15 Jul 2009,2.4211,1.4793
14 Jul 2009,2.4094,1.4787
13 Jul 2009,2.3746,1.4751
10 Jul 2009,2.3998,1.4744
09 Jul 2009,2.3789,1.4742
08 Jul 2009,2.3744,1.4767
07 Jul 2009,2.3882,1.4770
06 Jul 2009,2.3821,1.4777
03 Jul 2009,2.4183,1.4777
02 Jul 2009,2.4127,1.4765
30 Jun 2009,2.4518,1.4752
29 Jun 2009,2.4369,1.4744
26 Jun 2009,2.4275,1.4742
25 Jun 2009,2.4121,1.4740
24 Jun 2009,2.4393,1.4721
23 Jun 2009,2.4011,1.4722
22 Jun 2009,2.4164,1.4708
19 Jun 2009,2.4069,1.4710
18 Jun 2009,2.4071,1.4708
17 Jun 2009,2.4081,1.4690
16 Jun 2009,2.3984,1.4676
15 Jun 2009,2.3936,1.4661
12 Jun 2009,2.4199,1.4654
11 Jun 2009,2.3857,1.4557
10 Jun 2009,2.3889,1.4557
09 Jun 2009,2.3536,1.4551
08 Jun 2009,2.3032,1.4542
05 Jun 2009,2.3310,1.4517
04 Jun 2009,2.3785,1.4508
03 Jun 2009,2.4027,1.4446
02 Jun 2009,2.3653,1.4426
01 Jun 2009,2.3663,1.4406
29 May 2009,2.3125,1.4406
28 May 2009,2.2892,1.4400
27 May 2009,2.2979,1.4365
26 May 2009,2.2746,1.4365
22 May 2009,2.2645,1.4356
21 May 2009,2.2671,1.4356
20 May 2009,2.2251,1.4346
19 May 2009,2.2177,1.4351
18 May 2009,2.1729,1.4307
15 May 2009,2.1770,1.4300
14 May 2009,2.1672,1.4299
13 May 2009,2.1829,1.4295
12 May 2009,2.1688,1.4276
11 May 2009,2.1669,1.4265
08 May 2009,2.1432,1.4254
07 May 2009,2.1511,1.4254
06 May 2009,2.1467,1.4255
05 May 2009,2.1435,1.4248
04 May 2009,2.1254,1.4227
30 Apr 2009,2.1124,1.4180
29 Apr 2009,2.0850,1.4180
28 Apr 2009,2.0652,1.4177
27 Apr 2009,2.0623,1.4170
24 Apr 2009,2.0705,1.4165
23 Apr 2009,2.0603,1.4161
22 Apr 2009,2.0671,1.4155
21 Apr 2009,2.0332,1.3999
20 Apr 2009,2.0470,1.3990
17 Apr 2009,2.0694,1.3983
16 Apr 2009,2.0898,1.3975
15 Apr 2009,2.0857,1.3981
14 Apr 2009,2.0530,1.3970
09 Apr 2009,2.0524,1.3965
08 Apr 2009,2.0479,1.3964
07 Apr 2009,2.0563,1.3964
06 Apr 2009,2.0834,1.3957
03 Apr 2009,2.0568,1.3948
02 Apr 2009,2.0273,1.3919
01 Apr 2009,1.9977,1.3895
31 Mar 2009,1.9816,1.3895
30 Mar 2009,1.9668,1.3894
27 Mar 2009,2.0054,1.3889
26 Mar 2009,2.0217,1.3855
25 Mar 2009,2.0263,1.3860
24 Mar 2009,2.0302,1.3860
23 Mar 2009,2.0210,1.3846
20 Mar 2009,2.0182,1.3846
19 Mar 2009,1.9790,1.3837
18 Mar 2009,1.9256,1.3755
17 Mar 2009,1.9307,1.3734
16 Mar 2009,1.9424,1.3723
13 Mar 2009,1.9103,1.3675
12 Mar 2009,1.8856,1.3671
11 Mar 2009,1.8768,1.3644
10 Mar 2009,1.8901,1.3639
09 Mar 2009,1.9070,1.3639
05 Mar 2009,1.9287,1.3575
04 Mar 2009,1.8991,1.3529
03 Mar 2009,1.9088,1.3525
02 Mar 2009,1.9295,1.3522
27 Feb 2009,1.9202,1.3520
26 Feb 2009,1.9216,1.3518
25 Feb 2009,1.9604,1.3491
24 Feb 2009,1.9604,1.3491
23 Feb 2009,1.8672,1.3477
20 Feb 2009,1.9145,1.3475
19 Feb 2009,1.9322,1.3447
18 Feb 2009,1.9204,1.3438
17 Feb 2009,1.8807,1.3293
16 Feb 2009,1.8818,1.3253
13 Feb 2009,1.9118,1.3253
12 Feb 2009,1.9020,1.3234
11 Feb 2009,1.9072,1.3234
10 Feb 2009,1.9651,1.3222
09 Feb 2009,0.0000,0.0000
06 Feb 2009,1.9362,1.3161
05 Feb 2009,1.8793,1.3056
04 Feb 2009,1.8650,1.3001
03 Feb 2009,1.8359,1.2925
02 Feb 2009,1.8477,1.2911
30 Jan 2009,1.8372,1.2896
29 Jan 2009,1.8181,1.2884
28 Jan 2009,1.8212,1.2793
27 Jan 2009,1.8098,1.2775
26 Jan 2009,1.7344,1.2753
23 Jan 2009,1.7367,1.2684
22 Jan 2009,1.7584,1.2675
21 Jan 2009,1.7462,1.2664
20 Jan 2009,1.7686,1.2643
19 Jan 2009,1.8483,1.2559
16 Jan 2009,1.8621,1.2559
15 Jan 2009,1.8367,1.2550
14 Jan 2009,0.0000,0.0000
13 Jan 2009,1.8433,1.2529
12 Jan 2009,1.8801,1.2497
09 Jan 2009,1.9053,1.2498
08 Jan 2009,1.8798,1.2477
07 Jan 2009,1.8431,1.2390
06 Jan 2009,1.8088,1.2388
05 Jan 2009,1.7893,1.2350
02 Jan 2009,1.8001,1.2350
31 Dec 2008,1.7898,1.2345
30 Dec 2008,1.7845,1.2309
29 Dec 2008,1.8148,1.2309
24 Dec 2008,1.8133,1.2295
23 Dec 2008,1.8219,1.2242
22 Dec 2008,1.8300,1.2235
19 Dec 2008,1.8328,1.2188
18 Dec 2008,1.8747,1.2171
17 Dec 2008,1.8884,1.2102
16 Dec 2008,1.8495,1.2102
15 Dec 2008,1.8158,1.2069
12 Dec 2008,1.8028,1.2065
11 Dec 2008,1.7937,1.2001
10 Dec 2008,1.7836,1.2001
09 Dec 2008,1.7762,1.1983
04 Dec 2008,1.7618,1.1981
03 Dec 2008,1.7812,1.1972
02 Dec 2008,1.7817,1.1969
01 Dec 2008,1.8313,1.1966
29 Nov 2008,1.8469,1.1962
28 Nov 2008,1.8469,1.1962
27 Nov 2008,1.8407,1.1930
26 Nov 2008,1.8279,1.1904
25 Nov 2008,1.7941,1.1902
24 Nov 2008,1.7767,1.1882
21 Nov 2008,1.7645,1.1871
20 Nov 2008,1.7743,1.1862
19 Nov 2008,1.7752,1.1853
18 Nov 2008,1.7749,1.1825
17 Nov 2008,1.7329,1.1777
14 Nov 2008,1.7466,1.1776
13 Nov 2008,1.7537,1.1769
12 Nov 2008,1.8164,1.1746
11 Nov 2008,1.8327,1.1727
10 Nov 2008,1.8423,1.1704
07 Nov 2008,1.8369,1.1720
06 Nov 2008,1.8550,1.1710
05 Nov 2008,1.8618,1.1702
04 Nov 2008,1.8321,1.1693
03 Nov 2008,1.9114,1.1681
31 Oct 2008,0.0000,0.0000
30 Oct 2008,1.9273,1.1628
29 Oct 2008,1.8781,1.1620
28 Oct 2008,1.8252,1.1615
27 Oct 2008,1.8215,1.1606
24 Oct 2008,1.8489,1.1602
23 Oct 2008,1.8951,1.1600
22 Oct 2008,1.8946,1.1599
21 Oct 2008,1.9831,1.1587
20 Oct 2008,2.0262,1.1584
17 Oct 2008,2.0082,1.1580
16 Oct 2008,1.9956,1.1578
15 Oct 2008,2.0193,1.1574
14 Oct 2008,2.0151,1.1554
13 Oct 2008,1.9792,1.1547
10 Oct 2008,1.9483,1.1517
09 Oct 2008,1.9876,1.1517
08 Oct 2008,2.0080,1.1498
07 Oct 2008,2.0092,1.1479
06 Oct 2008,2.0100,1.1433
03 Oct 2008,2.0183,1.1437
02 Oct 2008,2.0250,1.1442
01 Oct 2008,2.0418,1.1426
29 Sep 2008,2.0418,1.1426
26 Sep 2008,2.0965,1.1404
25 Sep 2008,2.1201,1.1404
24 Sep 2008,2.1199,1.1404
23 Sep 2008,2.1130,1.1405
22 Sep 2008,2.1062,1.1404
19 Sep 2008,2.0479,1.1403
18 Sep 2008,2.0637,1.1389
17 Sep 2008,2.0320,1.1385
16 Sep 2008,2.0424,1.1385
15 Sep 2008,2.0527,1.1384
12 Sep 2008,2.0101,1.1379
11 Sep 2008,1.9842,1.1326
10 Sep 2008,1.9976,1.1317
09 Sep 2008,1.9880,1.1306
08 Sep 2008,1.9995,1.1284
05 Sep 2008,1.9840,1.1263
04 Sep 2008,2.0054,1.1245
03 Sep 2008,1.9860,1.1235
02 Sep 2008,2.0097,1.1240
01 Sep 2008,2.0269,1.1231
29 Aug 2008,2.0507,1.1213
28 Aug 2008,2.0599,1.1213
27 Aug 2008,2.0667,1.1206
26 Aug 2008,2.0599,1.1206
25 Aug 2008,2.0510,1.1110
22 Aug 2008,2.0849,1.1113
21 Aug 2008,2.0754,1.1099
20 Aug 2008,2.0659,1.1096
19 Aug 2008,2.0558,1.1066
18 Aug 2008,2.0481,1.0976
15 Aug 2008,2.0352,1.0972
14 Aug 2008,2.0544,1.0975
13 Aug 2008,2.0842,1.0962
12 Aug 2008,2.0865,1.0962
11 Aug 2008,2.0956,1.0933
08 Aug 2008,2.1086,1.0924
07 Aug 2008,2.1292,1.0919
06 Aug 2008,2.1331,1.0905
05 Aug 2008,2.1250,1.0863
04 Aug 2008,2.1426,1.0844
01 Aug 2008,2.1426,1.0844
31 Jul 2008,2.1470,1.0842
30 Jul 2008,2.1438,1.0815
29 Jul 2008,2.1554,1.0810
28 Jul 2008,2.1436,1.0789
25 Jul 2008,2.1325,1.0729
24 Jul 2008,2.1064,1.0565
23 Jul 2008,2.0972,1.0528
22 Jul 2008,2.1085,1.0528
21 Jul 2008,2.0968,1.0523
18 Jul 2008,2.0958,1.0523
17 Jul 2008,2.1037,1.0519
16 Jul 2008,2.1106,1.0510
15 Jul 2008,2.1132,1.0505
14 Jul 2008,2.0846,1.0504
11 Jul 2008,2.0763,1.0495
10 Jul 2008,2.0703,1.0468
09 Jul 2008,2.0599,1.0450
08 Jul 2008,2.0636,1.0449
07 Jul 2008,2.0554,1.0415
04 Jul 2008,2.0636,1.0405
03 Jul 2008,2.0703,1.0405
02 Jul 2008,2.0731,1.0385
30 Jun 2008,2.0682,1.0363
27 Jun 2008,2.0556,1.0363
26 Jun 2008,2.0449,1.0358
25 Jun 2008,2.0345,1.0346
24 Jun 2008,2.0348,1.0336
23 Jun 2008,2.0342,1.0316
20 Jun 2008,2.0337,1.0309
19 Jun 2008,2.0193,1.0290
18 Jun 2008,2.0091,1.0273
17 Jun 2008,1.9973,1.0154
16 Jun 2008,1.9959,1.0219
13 Jun 2008,1.9636,1.0100
12 Jun 2008,1.9918,1.0200
11 Jun 2008,1.9962,1.0209
10 Jun 2008,2.0043,1.0208
09 Jun 2008,2.0025,1.0157
06 Jun 2008,1.9855,1.0153
05 Jun 2008,1.9751,1.0135
04 Jun 2008,1.9812,1.0126
03 Jun 2008,1.9847,1.0111
02 Jun 2008,1.9796,1.0088
30 May 2008,1.9883,1.0082
29 May 2008,1.9875,1.0075
28 May 2008,1.9961,1.0068
27 May 2008,1.9870,1.0065
23 May 2008,1.9884,1.0055
22 May 2008,1.9805,1.0029
21 May 2008,1.9698,1.0026
20 May 2008,1.9599,1.0018
19 May 2008,1.9598,1.0018
16 May 2008,1.9507,1.0011
15 May 2008,1.9492,1.0003
14 May 2008,0.0000,0.0000
13 May 2008,1.9496,0.9991
12 May 2008,1.9422,0.9972
09 May 2008,1.9486,0.9967
08 May 2008,1.9462,0.9965
07 May 2008,1.9545,0.9957
06 May 2008,0.0000,0.0000
05 May 2008,1.9601,0.9950
02 May 2008,1.9739,0.9946
30 Apr 2008,1.9520,0.9937
29 Apr 2008,1.9706,0.9940
28 Apr 2008,1.9674,0.9940
25 Apr 2008,1.9579,0.9933
24 Apr 2008,1.9612,0.9927
23 Apr 2008,1.9718,0.9909
22 Apr 2008,1.9590,0.9905
21 Apr 2008,1.9781,0.9904
18 Apr 2008,1.9752,0.9903
17 Apr 2008,1.9511,0.9898
16 Apr 2008,1.9475,0.9894
15 Apr 2008,1.9477,0.9889
14 Apr 2008,1.9510,0.9883
11 Apr 2008,1.9496,0.9883
10 Apr 2008,1.9471,0.9856
09 Apr 2008,1.9402,0.9856
08 Apr 2008,1.9569,0.9856
07 Apr 2008,1.9554,0.9839
04 Apr 2008,1.9715,0.9853
03 Apr 2008,1.9529,0.9853
02 Apr 2008,1.9518,0.9853
01 Apr 2008,1.9466,0.9853
31 Mar 2008,1.9572,0.9852
28 Mar 2008,1.9694,0.9852
27 Mar 2008,1.9776,0.9852
26 Mar 2008,1.9732,0.9852
25 Mar 2008,1.9633,0.9851
20 Mar 2008,1.9494,0.9814
19 Mar 2008,0.0000,0.0000
18 Mar 2008,1.9737,0.9851
17 Mar 2008,1.9863,0.9851
14 Mar 2008,2.0025,0.9851
13 Mar 2008,2.0007,0.9846
12 Mar 2008,1.9794,0.9839
11 Mar 2008,1.9852,0.9839
10 Mar 2008,1.9852,0.9839
07 Mar 2008,1.9822,0.9838
05 Mar 2008,1.9445,0.9838
04 Mar 2008,1.9549,0.9835
03 Mar 2008,1.9526,0.9835
28 Feb 2008,1.9473,0.9835
27 Feb 2008,1.9602,0.9835
26 Feb 2008,1.9352,0.9835
25 Feb 2008,1.9315,0.9836
22 Feb 2008,1.9315,0.9836
21 Feb 2008,1.9150,0.9836
20 Feb 2008,1.9151,0.9830
19 Feb 2008,1.9194,0.9830
18 Feb 2008,1.9240,0.9830
15 Feb 2008,1.9377,0.9830
14 Feb 2008,1.9350,0.9830
13 Feb 2008,1.9240,0.9830
12 Feb 2008,1.9174,0.9819
11 Feb 2008,1.9086,0.9818
08 Feb 2008,1.9076,0.9818
07 Feb 2008,1.9237,0.9814
06 Feb 2008,1.9217,0.9814
05 Feb 2008,1.9376,0.9814
04 Feb 2008,1.9326,0.9804
01 Feb 2008,1.9509,0.9804
31 Jan 2008,1.9487,0.9804
30 Jan 2008,1.9512,0.9804
29 Jan 2008,1.9488,0.9488
28 Jan 2008,1.9381,0.9802
25 Jan 2008,1.9435,0.9802
24 Jan 2008,1.9149,0.9802
23 Jan 2008,1.9210,0.9798
22 Jan 2008,1.9007,0.9799
21 Jan 2008,1.9124,0.9799
18 Jan 2008,1.9299,0.9799
17 Jan 2008,1.9249,0.9798
16 Jan 2008,1.9192,0.9798
15 Jan 2008,1.9205,0.9805
14 Jan 2008,1.9233,0.9803
11 Jan 2008,1.9141,0.9803
10 Jan 2008,1.9189,0.9803
09 Jan 2008,1.9301,0.9802
08 Jan 2008,1.9429,0.9800
07 Jan 2008,1.9343,0.9809
04 Jan 2008,1.9309,0.9798
03 Jan 2008,1.9394,0.9799
02 Jan 2008,1.9427,0.9799
