Date,USDGHS
2008-01-02,1.9427
2008-01-03,1.9394
2008-01-04,1.9309
2008-01-05,1.9309
2008-01-06,1.9309
2008-01-07,1.9343
2008-01-08,1.9429
2008-01-09,1.9301
2008-01-10,1.9189
2008-01-11,1.9141
2008-01-12,1.9141
2008-01-13,1.9141
2008-01-14,1.9233
2008-01-15,1.9205
2008-01-16,1.9192
2008-01-17,1.9249
2008-01-18,1.9299
2008-01-19,1.9299
2008-01-20,1.9299
2008-01-21,1.9124
2008-01-22,1.9007
2008-01-23,1.921
2008-01-24,1.9149
2008-01-25,1.9435
2008-01-26,1.9435
2008-01-27,1.9435
2008-01-28,1.9381
2008-01-29,1.9488
2008-01-30,1.9512
2008-01-31,1.9487
2008-02-01,1.9509
2008-02-02,1.9509
2008-02-03,1.9509
2008-02-04,1.9326
2008-02-05,1.9376
2008-02-06,1.9217
2008-02-07,1.9237
2008-02-08,1.9076
2008-02-09,1.9076
2008-02-10,1.9076
2008-02-11,1.9086
2008-02-12,1.9174
2008-02-13,1.924
2008-02-14,1.935
2008-02-15,1.9377
2008-02-16,1.9377
2008-02-17,1.9377
2008-02-18,1.924
2008-02-19,1.9194
2008-02-20,1.9151
2008-02-21,1.915
2008-02-22,1.9315
2008-02-23,1.9315
2008-02-24,1.9315
2008-02-25,1.9315
2008-02-26,1.9352
2008-02-27,1.9602
2008-02-28,1.9473
2008-02-29,1.9473
2008-03-01,1.9473
2008-03-02,1.9473
2008-03-03,1.9526
2008-03-04,1.9549
2008-03-05,1.9445
2008-03-06,1.9445
2008-03-07,1.9822
2008-03-08,1.9822
2008-03-09,1.9822
2008-03-10,1.9852
2008-03-11,1.9852
2008-03-12,1.9794
2008-03-13,2.0007
2008-03-14,2.0025
2008-03-15,2.0025
2008-03-16,2.0025
2008-03-17,1.9863
2008-03-18,1.9737
2008-03-19,0.0
2008-03-20,1.9494
2008-03-21,1.9494
2008-03-22,1.9494
2008-03-23,1.9494
2008-03-24,1.9494
2008-03-25,1.9633
2008-03-26,1.9732
2008-03-27,1.9776
2008-03-28,1.9694
2008-03-29,1.9694
2008-03-30,1.9694
2008-03-31,1.9572
2008-04-01,1.9466
2008-04-02,1.9518
2008-04-03,1.9529
2008-04-04,1.9715
2008-04-05,1.9715
2008-04-06,1.9715
2008-04-07,1.9554
2008-04-08,1.9569
2008-04-09,1.9402
2008-04-10,1.9471
2008-04-11,1.9496
2008-04-12,1.9496
2008-04-13,1.9496
2008-04-14,1.951
2008-04-15,1.9477
2008-04-16,1.9475
2008-04-17,1.9511
2008-04-18,1.9752
2008-04-19,1.9752
2008-04-20,1.9752
2008-04-21,1.9781
2008-04-22,1.959
2008-04-23,1.9718
2008-04-24,1.9612
2008-04-25,1.9579
2008-04-26,1.9579
2008-04-27,1.9579
2008-04-28,1.9674
2008-04-29,1.9706
2008-04-30,1.952
2008-05-01,1.952
2008-05-02,1.9739
2008-05-03,1.9739
2008-05-04,1.9739
2008-05-05,1.9601
2008-05-06,0.0
2008-05-07,1.9545
2008-05-08,1.9462
2008-05-09,1.9486
2008-05-10,1.9486
2008-05-11,1.9486
2008-05-12,1.9422
2008-05-13,1.9496
2008-05-14,0.0
2008-05-15,1.9492
2008-05-16,1.9507
2008-05-17,1.9507
2008-05-18,1.9507
2008-05-19,1.9598
2008-05-20,1.9599
2008-05-21,1.9698
2008-05-22,1.9805
2008-05-23,1.9884
2008-05-24,1.9884
2008-05-25,1.9884
2008-05-26,1.9884
2008-05-27,1.987
2008-05-28,1.9961
2008-05-29,1.9875
2008-05-30,1.9883
2008-05-31,1.9883
2008-06-01,1.9883
2008-06-02,1.9796
2008-06-03,1.9847
2008-06-04,1.9812
2008-06-05,1.9751
2008-06-06,1.9855
2008-06-07,1.9855
2008-06-08,1.9855
2008-06-09,2.0025
2008-06-10,2.0043
2008-06-11,1.9962
2008-06-12,1.9918
2008-06-13,1.9636
2008-06-14,1.9636
2008-06-15,1.9636
2008-06-16,1.9959
2008-06-17,1.9973
2008-06-18,2.0091
2008-06-19,2.0193
2008-06-20,2.0337
2008-06-21,2.0337
2008-06-22,2.0337
2008-06-23,2.0342
2008-06-24,2.0348
2008-06-25,2.0345
2008-06-26,2.0449
2008-06-27,2.0556
2008-06-28,2.0556
2008-06-29,2.0556
2008-06-30,2.0682
2008-07-01,2.0682
2008-07-02,2.0731
2008-07-03,2.0703
2008-07-04,2.0636
2008-07-05,2.0636
2008-07-06,2.0636
2008-07-07,2.0554
2008-07-08,2.0636
2008-07-09,2.0599
2008-07-10,2.0703
2008-07-11,2.0763
2008-07-12,2.0763
2008-07-13,2.0763
2008-07-14,2.0846
2008-07-15,2.1132
2008-07-16,2.1106
2008-07-17,2.1037
2008-07-18,2.0958
2008-07-19,2.0958
2008-07-20,2.0958
2008-07-21,2.0968
2008-07-22,2.1085
2008-07-23,2.0972
2008-07-24,2.1064
2008-07-25,2.1325
2008-07-26,2.1325
2008-07-27,2.1325
2008-07-28,2.1436
2008-07-29,2.1554
2008-07-30,2.1438
2008-07-31,2.147
2008-08-01,2.1426
2008-08-02,2.1426
2008-08-03,2.1426
2008-08-04,2.1426
2008-08-05,2.125
2008-08-06,2.1331
2008-08-07,2.1292
2008-08-08,2.1086
2008-08-09,2.1086
2008-08-10,2.1086
2008-08-11,2.0956
2008-08-12,2.0865
2008-08-13,2.0842
2008-08-14,2.0544
2008-08-15,2.0352
2008-08-16,2.0352
2008-08-17,2.0352
2008-08-18,2.0481
2008-08-19,2.0558
2008-08-20,2.0659
2008-08-21,2.0754
2008-08-22,2.0849
2008-08-23,2.0849
2008-08-24,2.0849
2008-08-25,2.051
2008-08-26,2.0599
2008-08-27,2.0667
2008-08-28,2.0599
2008-08-29,2.0507
2008-08-30,2.0507
2008-08-31,2.0507
2008-09-01,2.0269
2008-09-02,2.0097
2008-09-03,1.986
2008-09-04,2.0054
2008-09-05,1.984
2008-09-06,1.984
2008-09-07,1.984
2008-09-08,1.9995
2008-09-09,1.988
2008-09-10,1.9976
2008-09-11,1.9842
2008-09-12,2.0101
2008-09-13,2.0101
2008-09-14,2.0101
2008-09-15,2.0527
2008-09-16,2.0424
2008-09-17,2.032
2008-09-18,2.0637
2008-09-19,2.0479
2008-09-20,2.0479
2008-09-21,2.0479
2008-09-22,2.1062
2008-09-23,2.113
2008-09-24,2.1199
2008-09-25,2.1201
2008-09-26,2.0965
2008-09-27,2.0965
2008-09-28,2.0965
2008-09-29,2.0418
2008-09-30,2.0418
2008-10-01,2.0418
2008-10-02,2.025
2008-10-03,2.0183
2008-10-04,2.0183
2008-10-05,2.0183
2008-10-06,2.01
2008-10-07,2.0092
2008-10-08,2.008
2008-10-09,1.9876
2008-10-10,1.9483
2008-10-11,1.9483
2008-10-12,1.9483
2008-10-13,1.9792
2008-10-14,2.0151
2008-10-15,2.0193
2008-10-16,1.9956
2008-10-17,2.0082
2008-10-18,2.0082
2008-10-19,2.0082
2008-10-20,2.0262
2008-10-21,1.9831
2008-10-22,1.8946
2008-10-23,1.8951
2008-10-24,1.8489
2008-10-25,1.8489
2008-10-26,1.8489
2008-10-27,1.8215
2008-10-28,1.8252
2008-10-29,1.8781
2008-10-30,1.9273
2008-10-31,0.0
2008-11-01,0.0
2008-11-02,0.0
2008-11-03,1.9114
2008-11-04,1.8321
2008-11-05,1.8618
2008-11-06,1.855
2008-11-07,1.8369
2008-11-08,1.8369
2008-11-09,1.8369
2008-11-10,1.8423
2008-11-11,1.8327
2008-11-12,1.8164
2008-11-13,1.7537
2008-11-14,1.7466
2008-11-15,1.7466
2008-11-16,1.7466
2008-11-17,1.7329
2008-11-18,1.7749
2008-11-19,1.7752
2008-11-20,1.7743
2008-11-21,1.7645
2008-11-22,1.7645
2008-11-23,1.7645
2008-11-24,1.7767
2008-11-25,1.7941
2008-11-26,1.8279
2008-11-27,1.8407
2008-11-28,1.8469
2008-11-29,1.8469
2008-11-30,1.8469
2008-12-01,1.8313
2008-12-02,1.7817
2008-12-03,1.7812
2008-12-04,1.7618
2008-12-05,1.7618
2008-12-06,1.7618
2008-12-07,1.7618
2008-12-08,1.7618
2008-12-09,1.7762
2008-12-10,1.7836
2008-12-11,1.7937
2008-12-12,1.8028
2008-12-13,1.8028
2008-12-14,1.8028
2008-12-15,1.8158
2008-12-16,1.8495
2008-12-17,1.8884
2008-12-18,1.8747
2008-12-19,1.8328
2008-12-20,1.8328
2008-12-21,1.8328
2008-12-22,1.83
2008-12-23,1.8219
2008-12-24,1.8133
2008-12-25,1.8133
2008-12-26,1.8133
2008-12-27,1.8133
2008-12-28,1.8133
2008-12-29,1.8148
2008-12-30,1.7845
2008-12-31,1.7898
2009-01-01,1.7898
2009-01-02,1.8001
2009-01-03,1.8001
2009-01-04,1.8001
2009-01-05,1.7893
2009-01-06,1.8088
2009-01-07,1.8431
2009-01-08,1.8798
2009-01-09,1.9053
2009-01-10,1.9053
2009-01-11,1.9053
2009-01-12,1.8801
2009-01-13,1.8433
2009-01-14,0.0
2009-01-15,1.8367
2009-01-16,1.8621
2009-01-17,1.8621
2009-01-18,1.8621
2009-01-19,1.8483
2009-01-20,1.7686
2009-01-21,1.7462
2009-01-22,1.7584
2009-01-23,1.7367
2009-01-24,1.7367
2009-01-25,1.7367
2009-01-26,1.7344
2009-01-27,1.8098
2009-01-28,1.8212
2009-01-29,1.8181
2009-01-30,1.8372
2009-01-31,1.8372
2009-02-01,1.8372
2009-02-02,1.8477
2009-02-03,1.8359
2009-02-04,1.865
2009-02-05,1.8793
2009-02-06,1.9362
2009-02-07,1.9362
2009-02-08,1.9362
2009-02-09,0.0
2009-02-10,1.9651
2009-02-11,1.9072
2009-02-12,1.902
2009-02-13,1.9118
2009-02-14,1.9118
2009-02-15,1.9118
2009-02-16,1.8818
2009-02-17,1.8807
2009-02-18,1.9204
2009-02-19,1.9322
2009-02-20,1.9145
2009-02-21,1.9145
2009-02-22,1.9145
2009-02-23,1.8672
2009-02-24,1.9604
2009-02-25,1.9604
2009-02-26,1.9216
2009-02-27,1.9202
2009-02-28,1.9202
2009-03-01,1.9202
2009-03-02,1.9295
2009-03-03,1.9088
2009-03-04,1.8991
2009-03-05,1.9287
2009-03-06,1.9287
2009-03-07,1.9287
2009-03-08,1.9287
2009-03-09,1.907
2009-03-10,1.8901
2009-03-11,1.8768
2009-03-12,1.8856
2009-03-13,1.9103
2009-03-14,1.9103
2009-03-15,1.9103
2009-03-16,1.9424
2009-03-17,1.9307
2009-03-18,1.9256
2009-03-19,1.979
2009-03-20,2.0182
2009-03-21,2.0182
2009-03-22,2.0182
2009-03-23,2.021
2009-03-24,2.0302
2009-03-25,2.0263
2009-03-26,2.0217
2009-03-27,2.0054
2009-03-28,2.0054
2009-03-29,2.0054
2009-03-30,1.9668
2009-03-31,1.9816
2009-04-01,1.9977
2009-04-02,2.0273
2009-04-03,2.0568
2009-04-04,2.0568
2009-04-05,2.0568
2009-04-06,2.0834
2009-04-07,2.0563
2009-04-08,2.0479
2009-04-09,2.0524
2009-04-10,2.0524
2009-04-11,2.0524
2009-04-12,2.0524
2009-04-13,2.0524
2009-04-14,2.053
2009-04-15,2.0857
2009-04-16,2.0898
2009-04-17,2.0694
2009-04-18,2.0694
2009-04-19,2.0694
2009-04-20,2.047
2009-04-21,2.0332
2009-04-22,2.0671
2009-04-23,2.0603
2009-04-24,2.0705
2009-04-25,2.0705
2009-04-26,2.0705
2009-04-27,2.0623
2009-04-28,2.0652
2009-04-29,2.085
2009-04-30,2.1124
2009-05-01,2.1124
2009-05-02,2.1124
2009-05-03,2.1124
2009-05-04,2.1254
2009-05-05,2.1435
2009-05-06,2.1467
2009-05-07,2.1511
2009-05-08,2.1432
2009-05-09,2.1432
2009-05-10,2.1432
2009-05-11,2.1669
2009-05-12,2.1688
2009-05-13,2.1829
2009-05-14,2.1672
2009-05-15,2.177
2009-05-16,2.177
2009-05-17,2.177
2009-05-18,2.1729
2009-05-19,2.2177
2009-05-20,2.2251
2009-05-21,2.2671
2009-05-22,2.2645
2009-05-23,2.2645
2009-05-24,2.2645
2009-05-25,2.2645
2009-05-26,2.2746
2009-05-27,2.2979
2009-05-28,2.2892
2009-05-29,2.3125
2009-05-30,2.3125
2009-05-31,2.3125
2009-06-01,2.3663
2009-06-02,2.3653
2009-06-03,2.4027
2009-06-04,2.3785
2009-06-05,2.331
2009-06-06,2.331
2009-06-07,2.331
2009-06-08,2.3032
2009-06-09,2.3536
2009-06-10,2.3889
2009-06-11,2.3857
2009-06-12,2.4199
2009-06-13,2.4199
2009-06-14,2.4199
2009-06-15,2.3936
2009-06-16,2.3984
2009-06-17,2.4081
2009-06-18,2.4071
2009-06-19,2.4069
2009-06-20,2.4069
2009-06-21,2.4069
2009-06-22,2.4164
2009-06-23,2.4011
2009-06-24,2.4393
2009-06-25,2.4121
2009-06-26,2.4275
2009-06-27,2.4275
2009-06-28,2.4275
2009-06-29,2.4369
2009-06-30,2.4518
2009-07-01,2.4518
2009-07-02,2.4127
2009-07-03,2.4183
2009-07-04,2.4183
2009-07-05,2.4183
2009-07-06,2.3821
2009-07-07,2.3882
2009-07-08,2.3744
2009-07-09,2.3789
2009-07-10,2.3998
2009-07-11,2.3998
2009-07-12,2.3998
2009-07-13,2.3746
2009-07-14,2.4094
2009-07-15,2.4211
2009-07-16,2.4258
2009-07-17,2.415
2009-07-18,2.415
2009-07-19,2.415
2009-07-20,2.446
2009-07-21,2.4328
2009-07-22,2.4205
2009-07-23,2.4466
2009-07-24,2.4437
2009-07-25,2.4437
2009-07-26,2.4437
2009-07-27,2.4362
2009-07-28,2.464
2009-07-29,2.437
2009-07-30,2.4551
2009-07-31,2.4675
2009-08-01,2.4675
2009-08-02,2.4675
2009-08-03,2.5009
2009-08-04,2.5308
2009-08-05,2.5341
2009-08-06,2.5406
2009-08-07,2.5034
2009-08-08,2.5034
2009-08-09,2.5034
2009-08-10,2.4852
2009-08-11,2.4514
2009-08-12,2.444
2009-08-13,2.4672
2009-08-14,2.4556
2009-08-15,2.4556
2009-08-16,2.4556
2009-08-17,2.4307
2009-08-18,2.4392
2009-08-19,2.4453
2009-08-20,2.4587
2009-08-21,2.4511
2009-08-22,2.4511
2009-08-23,2.4511
2009-08-24,2.448
2009-08-25,2.43
2009-08-26,2.4184
2009-08-27,2.4017
2009-08-28,2.4137
2009-08-29,2.4137
2009-08-30,2.4137
2009-08-31,2.401
2009-09-01,2.4163
2009-09-02,2.386
2009-09-03,2.4115
2009-09-04,2.4153
2009-09-05,2.4153
2009-09-06,2.4153
2009-09-07,2.4266
2009-09-08,2.4318
2009-09-09,2.4311
2009-09-10,2.4396
2009-09-11,2.4631
2009-09-12,2.4631
2009-09-13,2.4631
2009-09-14,2.4461
2009-09-15,2.4533
2009-09-16,2.4328
2009-09-17,2.4404
2009-09-18,2.4043
2009-09-19,2.4043
2009-09-20,2.4043
2009-09-21,2.4043
2009-09-22,2.4028
2009-09-23,2.4074
2009-09-24,2.39
2009-09-25,2.3588
2009-09-26,2.3588
2009-09-27,2.3588
2009-09-28,2.3386
2009-09-29,2.3347
2009-09-30,2.3627
2009-10-01,2.3495
2009-10-02,2.3345
2009-10-03,2.3345
2009-10-04,2.3345
2009-10-05,2.3461
2009-10-06,2.3562
2009-10-07,2.3392
2009-10-08,2.3586
2009-10-09,2.3511
2009-10-10,2.3511
2009-10-11,2.3511
2009-10-12,2.3157
2009-10-13,2.3186
2009-10-14,2.3443
2009-10-15,2.3765
2009-10-16,2.3975
2009-10-17,2.3975
2009-10-18,2.3975
2009-10-19,2.3892
2009-10-20,2.4049
2009-10-21,2.4209
2009-10-22,2.4329
2009-10-23,2.3906
2009-10-24,2.3906
2009-10-25,2.3906
2009-10-26,2.3906
2009-10-27,2.4011
2009-10-28,2.4016
2009-10-29,2.4125
2009-10-30,2.4267
2009-10-31,2.4267
2009-11-01,2.4267
2009-11-02,2.4093
2009-11-03,2.3859
2009-11-04,2.4051
2009-11-05,2.4057
2009-11-06,2.4238
2009-11-07,2.4238
2009-11-08,2.4238
2009-11-09,2.4347
2009-11-10,2.419
2009-11-11,2.4268
2009-11-12,2.4059
2009-11-13,2.4114
2009-11-14,2.4114
2009-11-15,2.4114
2009-11-16,2.4292
2009-11-17,2.4444
2009-11-18,2.4371
2009-11-19,2.4195
2009-11-20,2.4091
2009-11-21,2.4091
2009-11-22,2.4091
2009-11-23,2.4032
2009-11-24,2.3995
2009-11-25,2.4174
2009-11-26,2.4064
2009-11-27,2.4064
2009-11-28,2.4064
2009-11-29,2.4064
2009-11-30,2.3902
2009-12-01,2.3856
2009-12-02,2.4033
2009-12-03,2.4188
2009-12-04,2.4188
2009-12-05,2.4188
2009-12-06,2.4188
2009-12-07,2.3795
2009-12-08,2.3704
2009-12-09,2.3507
2009-12-10,2.3519
2009-12-11,2.3561
2009-12-12,2.3561
2009-12-13,2.3561
2009-12-14,2.3519
2009-12-15,2.3535
2009-12-16,2.3519
2009-12-17,2.3439
2009-12-18,2.3481
2009-12-19,2.3481
2009-12-20,2.3481
2009-12-21,2.3337
2009-12-22,2.3227
2009-12-23,2.3039
2009-12-24,2.3105
2009-12-25,2.3105
2009-12-26,2.3105
2009-12-27,2.3105
2009-12-28,2.3105
2009-12-29,2.3143
2009-12-30,2.295
2009-12-31,2.328
2010-01-01,2.328
2010-01-02,2.328
2010-01-03,2.328
2010-01-04,2.3198
2010-01-05,2.3223
2010-01-06,2.311
2010-01-07,2.3006
2010-01-08,2.3013
2010-01-09,2.3013
2010-01-10,2.3013
2010-01-11,2.3205
2010-01-12,2.3209
2010-01-13,2.3368
2010-01-14,2.3485
2010-01-15,2.3534
2010-01-16,2.3534
2010-01-17,2.3534
2010-01-18,2.3498
2010-01-19,2.3633
2010-01-20,2.3385
2010-01-21,2.3337
2010-01-22,2.3361
2010-01-23,2.3361
2010-01-24,2.3361
2010-01-25,2.3174
2010-01-26,2.3318
2010-01-27,2.32
2010-01-28,2.3311
2010-01-29,2.3177
2010-01-30,2.3177
2010-01-31,2.3177
2010-02-01,2.2907
2010-02-02,2.2922
2010-02-03,2.3079
2010-02-04,2.2871
2010-02-05,2.2619
2010-02-06,2.2619
2010-02-07,2.2619
2010-02-08,2.2409
2010-02-09,2.2517
2010-02-10,2.255
2010-02-11,2.247
2010-02-12,2.2619
2010-02-13,2.2619
2010-02-14,2.2619
2010-02-15,2.252
2010-02-16,2.2634
2010-02-17,2.2712
2010-02-18,2.2496
2010-02-19,2.2203
2010-02-20,2.2203
2010-02-21,2.2203
2010-02-22,2.2275
2010-02-23,2.2403
2010-02-24,2.2233
2010-02-25,2.2061
2010-02-26,2.1961
2010-02-27,2.1961
2010-02-28,2.1961
2010-03-01,2.1803
2010-03-02,2.1443
2010-03-03,2.1604
2010-03-04,2.1644
2010-03-05,2.1634
2010-03-06,2.1634
2010-03-07,2.1634
2010-03-08,2.1634
2010-03-09,2.1597
2010-03-10,2.1469
2010-03-11,2.1549
2010-03-12,2.1717
2010-03-13,2.1717
2010-03-14,2.1717
2010-03-15,2.1753
2010-03-16,2.1597
2010-03-17,2.1873
2010-03-18,2.1913
2010-03-19,2.1793
2010-03-20,2.1793
2010-03-21,2.1793
2010-03-22,2.1523
2010-03-23,2.1588
2010-03-24,2.1542
2010-03-25,2.1425
2010-03-26,2.1256
2010-03-27,2.1256
2010-03-28,2.1256
2010-03-29,2.1513
2010-03-30,2.1607
2010-03-31,2.1625
2010-04-01,2.1829
2010-04-02,2.1829
2010-04-03,2.1829
2010-04-04,2.1829
2010-04-05,2.1829
2010-04-06,2.1761
2010-04-07,2.1888
2010-04-08,2.1743
2010-04-09,2.1977
2010-04-10,2.1977
2010-04-11,2.1977
2010-04-12,2.2122
2010-04-13,2.1992
2010-04-14,2.2088
2010-04-15,2.2172
2010-04-16,2.2111
2010-04-17,2.2111
2010-04-18,2.2111
2010-04-19,2.1832
2010-04-20,2.1986
2010-04-21,2.2031
2010-04-22,2.2104
2010-04-23,2.1981
2010-04-24,2.1981
2010-04-25,2.1981
2010-04-26,2.2134
2010-04-27,2.1996
2010-04-28,2.1762
2010-04-29,2.1705
2010-04-30,2.1954
2010-05-01,2.1954
2010-05-02,2.1954
2010-05-03,2.1954
2010-05-04,2.1741
2010-05-05,2.1668
2010-05-06,2.1495
2010-05-07,2.1056
2010-05-08,2.1056
2010-05-09,2.1056
2010-05-10,2.1367
2010-05-11,2.1216
2010-05-12,2.133
2010-05-13,2.1177
2010-05-14,2.0794
2010-05-15,2.0794
2010-05-16,2.0794
2010-05-17,2.064
2010-05-18,2.0739
2010-05-19,2.047
2010-05-20,2.051
2010-05-21,2.0548
2010-05-22,2.0548
2010-05-23,2.0548
2010-05-24,2.07
2010-05-25,2.07
2010-05-26,2.0541
2010-05-27,2.0685
2010-05-28,2.081
2010-05-29,2.081
2010-05-30,2.081
2010-05-31,2.0704
2010-06-01,2.0645
2010-06-02,2.1057
2010-06-03,2.103
2010-06-04,2.0903
2010-06-05,2.0903
2010-06-06,2.0903
2010-06-07,2.0625
2010-06-08,2.0726
2010-06-09,2.0691
2010-06-10,2.085
2010-06-11,2.1018
2010-06-12,2.1018
2010-06-13,2.1018
2010-06-14,2.0977
2010-06-15,2.1095
2010-06-16,2.1166
2010-06-17,2.1004
2010-06-18,2.128
2010-06-19,2.128
2010-06-20,2.128
2010-06-21,2.1291
2010-06-22,2.1127
2010-06-23,2.1301
2010-06-24,2.1418
2010-06-25,2.1397
2010-06-26,2.1397
2010-06-27,2.1397
2010-06-28,2.1546
2010-06-29,2.1633
2010-06-30,2.16
2010-07-01,2.16
2010-07-02,2.1649
2010-07-03,2.1649
2010-07-04,2.1649
2010-07-05,2.18
2010-07-06,2.1821
2010-07-07,2.1727
2010-07-08,2.184
2010-07-09,2.1853
2010-07-10,2.1853
2010-07-11,2.1853
2010-07-12,2.157
2010-07-13,2.1618
2010-07-14,2.199
2010-07-15,2.2068
2010-07-16,2.2277
2010-07-17,2.2277
2010-07-18,2.2277
2010-07-19,2.2127
2010-07-20,2.2049
2010-07-21,2.2135
2010-07-22,2.201
2010-07-23,2.2208
2010-07-24,2.2208
2010-07-25,2.2208
2010-07-26,2.2405
2010-07-27,2.2409
2010-07-28,2.2554
2010-07-29,2.2645
2010-07-30,2.2615
2010-07-31,2.2615
2010-08-01,2.2615
2010-08-02,2.2839
2010-08-03,2.3046
2010-08-04,2.3019
2010-08-05,2.2896
2010-08-06,2.2964
2010-08-07,2.2964
2010-08-08,2.2964
2010-08-09,2.3032
2010-08-10,2.2802
2010-08-11,2.2764
2010-08-12,2.2584
2010-08-13,2.2588
2010-08-14,2.2588
2010-08-15,2.2588
2010-08-16,2.2573
2010-08-17,2.2612
2010-08-18,2.2397
2010-08-19,2.2414
2010-08-20,2.2444
2010-08-21,2.2444
2010-08-22,2.2444
2010-08-23,2.251
2010-08-24,2.2217
2010-08-25,2.2288
2010-08-26,2.245
2010-08-27,2.2388
2010-08-28,2.2388
2010-08-29,2.2388
2010-08-30,2.245
2010-08-31,2.2241
2010-09-01,2.2237
2010-09-02,2.2218
2010-09-03,2.2275
2010-09-04,2.2275
2010-09-05,2.2275
2010-09-06,2.2293
2010-09-07,2.2175
2010-09-08,2.2324
2010-09-09,2.2243
2010-09-10,2.2243
2010-09-11,2.2243
2010-09-12,2.2243
2010-09-13,2.2342
2010-09-14,2.2223
2010-09-15,2.2412
2010-09-16,2.2529
2010-09-17,2.2682
2010-09-18,2.2682
2010-09-19,2.2682
2010-09-20,2.2591
2010-09-21,2.2591
2010-09-22,2.262
2010-09-23,2.258
2010-09-24,2.2613
2010-09-25,2.2613
2010-09-26,2.2613
2010-09-27,2.2821
2010-09-28,2.2777
2010-09-29,2.2814
2010-09-30,2.2868
2010-10-01,2.2733
2010-10-02,2.2733
2010-10-03,2.2733
2010-10-04,2.2729
2010-10-05,2.281
2010-10-06,2.2873
2010-10-07,2.2901
2010-10-08,2.2822
2010-10-09,2.2822
2010-10-10,2.2822
2010-10-11,2.2935
2010-10-12,2.2805
2010-10-13,2.2864
2010-10-14,2.3123
2010-10-15,2.3119
2010-10-16,2.3119
2010-10-17,2.3119
2010-10-18,2.282
2010-10-19,2.2827
2010-10-20,2.2679
2010-10-21,2.2671
2010-10-22,2.2583
2010-10-23,2.2583
2010-10-24,2.2583
2010-10-25,2.2667
2010-10-26,2.272
2010-10-27,2.2747
2010-10-28,2.2713
2010-10-29,2.2895
2010-10-30,2.2895
2010-10-31,2.2895
2010-11-01,2.3101
2010-11-02,2.3077
2010-11-03,2.305
2010-11-04,2.3231
2010-11-05,2.3383
2010-11-06,2.3383
2010-11-07,2.3383
2010-11-08,2.3287
2010-11-09,2.321
2010-11-10,2.3056
2010-11-11,2.3289
2010-11-12,2.3146
2010-11-13,2.3146
2010-11-14,2.3146
2010-11-15,2.3167
2010-11-16,2.3167
2010-11-17,2.2904
2010-11-18,2.2991
2010-11-19,2.3174
2010-11-20,2.3174
2010-11-21,2.3174
2010-11-22,2.3162
2010-11-23,2.3017
2010-11-24,2.2814
2010-11-25,2.2802
2010-11-26,2.2701
2010-11-27,2.2701
2010-11-28,2.2701
2010-11-29,2.261
2010-11-30,2.2528
2010-12-01,2.2557
2010-12-02,2.2649
2010-12-03,2.2649
2010-12-04,2.2649
2010-12-05,2.2649
2010-12-06,2.279
2010-12-07,2.2879
2010-12-08,2.2779
2010-12-09,2.2904
2010-12-10,2.2939
2010-12-11,2.2939
2010-12-12,2.2939
2010-12-13,2.2907
2010-12-14,2.3075
2010-12-15,2.2888
2010-12-16,2.269
2010-12-17,2.2769
2010-12-18,2.2769
2010-12-19,2.2769
2010-12-20,2.2717
2010-12-21,2.2717
2010-12-22,2.2663
2010-12-23,2.2527
2010-12-24,2.2653
2010-12-25,2.2653
2010-12-26,2.2653
2010-12-27,2.2653
2010-12-28,2.2653
2010-12-29,2.2569
2010-12-30,2.2738
2010-12-31,2.2706
2011-01-01,2.2706
2011-01-02,2.2706
2011-01-03,2.2706
2011-01-04,2.2809
2011-01-05,2.2964
2011-01-06,2.2873
2011-01-07,2.2722
2011-01-08,2.2722
2011-01-09,2.2722
2011-01-10,2.285
2011-01-11,2.2888
2011-01-12,2.3033
2011-01-13,2.3149
2011-01-14,2.3371
2011-01-15,2.3371
2011-01-16,2.3371
2011-01-17,2.3404
2011-01-18,2.3584
2011-01-19,2.3665
2011-01-20,2.3569
2011-01-21,2.3551
2011-01-22,2.3551
2011-01-23,2.3551
2011-01-24,2.3654
2011-01-25,2.3689
2011-01-26,2.3578
2011-01-27,2.3774
2011-01-28,2.3736
2011-01-29,2.3736
2011-01-30,2.3736
2011-01-31,2.3714
2011-02-01,2.4108
2011-02-02,2.4443
2011-02-03,2.4653
2011-02-04,2.484
2011-02-05,2.484
2011-02-06,2.484
2011-02-07,2.4842
2011-02-08,2.4797
2011-02-09,2.4705
2011-02-10,2.4647
2011-02-11,2.4642
2011-02-12,2.4642
2011-02-13,2.4642
2011-02-14,2.4581
2011-02-15,2.4622
2011-02-16,2.4764
2011-02-17,2.4668
2011-02-18,2.4747
2011-02-19,2.4747
2011-02-20,2.4747
2011-02-21,2.4807
2011-02-22,2.4736
2011-02-23,2.479
2011-02-24,2.4736
2011-02-25,2.4689
2011-02-26,2.4689
2011-02-27,2.4689
2011-02-28,2.4641
2011-03-01,2.4869
2011-03-02,2.4813
2011-03-03,2.4952
2011-03-04,2.4894
2011-03-05,2.4894
2011-03-06,2.4894
2011-03-07,2.4894
2011-03-08,2.4755
2011-03-09,2.4692
2011-03-10,2.4672
2011-03-11,2.4546
2011-03-12,2.4546
2011-03-13,2.4546
2011-03-14,2.4554
2011-03-15,2.4605
2011-03-16,2.4664
2011-03-17,2.458
2011-03-18,2.4721
2011-03-19,2.4721
2011-03-20,2.4721
2011-03-21,2.506
2011-03-22,2.5033
2011-03-23,2.5096
2011-03-24,2.4915
2011-03-25,2.4734
2011-03-26,2.4734
2011-03-27,2.4734
2011-03-28,2.4534
2011-03-29,2.4613
2011-03-30,2.4644
2011-03-31,2.4786
2011-04-01,2.4685
2011-04-02,2.4685
2011-04-03,2.4685
2011-04-04,2.4806
2011-04-05,2.4842
2011-04-06,2.5061
2011-04-07,2.5151
2011-04-08,2.5284
2011-04-09,2.5284
2011-04-10,2.5284
2011-04-11,2.5133
2011-04-12,2.5109
2011-04-13,2.506
2011-04-14,2.5153
2011-04-15,2.5143
2011-04-16,2.5143
2011-04-17,2.5143
2011-04-18,2.5065
2011-04-19,2.5036
2011-04-20,2.5224
2011-04-21,2.548
2011-04-22,2.548
2011-04-23,2.548
2011-04-24,2.548
2011-04-25,2.548
2011-04-26,2.5427
2011-04-27,2.5329
2011-04-28,2.5653
2011-04-29,2.5484
2011-04-30,2.5484
2011-05-01,2.5484
2011-05-02,2.5484
2011-05-03,2.5306
2011-05-04,2.516
2011-05-05,2.5212
2011-05-06,2.4995
2011-05-07,2.4995
2011-05-08,2.4995
2011-05-09,2.4988
2011-05-10,2.4976
2011-05-11,2.4948
2011-05-12,2.4902
2011-05-13,2.485
2011-05-14,2.485
2011-05-15,2.485
2011-05-16,2.4699
2011-05-17,2.4765
2011-05-18,2.4705
2011-05-19,2.4547
2011-05-20,2.4725
2011-05-21,2.4725
2011-05-22,2.4725
2011-05-23,2.4598
2011-05-24,2.4551
2011-05-25,2.4551
2011-05-26,2.4793
2011-05-27,2.4998
2011-05-28,2.4998
2011-05-29,2.4998
2011-05-30,2.5044
2011-05-31,2.5119
2011-06-01,2.507
2011-06-02,2.4828
2011-06-03,2.4867
2011-06-04,2.4867
2011-06-05,2.4867
2011-06-06,2.4989
2011-06-07,2.4995
2011-06-08,2.4933
2011-06-09,2.5036
2011-06-10,2.4708
2011-06-11,2.4708
2011-06-12,2.4708
2011-06-13,2.4767
2011-06-14,2.4995
2011-06-15,2.4897
2011-06-16,2.455
2011-06-17,2.4547
2011-06-18,2.4547
2011-06-19,2.4547
2011-06-20,2.4584
2011-06-21,2.4709
2011-06-22,2.4677
2011-06-23,2.4377
2011-06-24,2.4322
2011-06-25,2.4322
2011-06-26,2.4322
2011-06-27,2.432
2011-06-28,2.4301
2011-06-29,2.4324
2011-06-30,2.4464
2011-07-01,2.4464
2011-07-02,2.4464
2011-07-03,2.4464
2011-07-04,2.4508
2011-07-05,2.4378
2011-07-06,2.4368
2011-07-07,2.4314
2011-07-08,2.4319
2011-07-09,2.4319
2011-07-10,2.4319
2011-07-11,2.4335
2011-07-12,2.4153
2011-07-13,2.4298
2011-07-14,2.4533
2011-07-15,2.4545
2011-07-16,2.4545
2011-07-17,2.4545
2011-07-18,2.4502
2011-07-19,2.4562
2011-07-20,2.4495
2011-07-21,2.4617
2011-07-22,2.4812
2011-07-23,2.4812
2011-07-24,2.4812
2011-07-25,2.4828
2011-07-26,2.4884
2011-07-27,2.5015
2011-07-28,2.4887
2011-07-29,2.4852
2011-07-30,2.4852
2011-07-31,2.4852
2011-08-01,2.5003
2011-08-02,2.479
2011-08-03,2.4826
2011-08-04,2.4903
2011-08-05,2.4782
2011-08-06,2.4782
2011-08-07,2.4782
2011-08-08,2.4977
2011-08-09,2.4916
2011-08-10,2.4759
2011-08-11,2.4667
2011-08-12,2.4739
2011-08-13,2.4739
2011-08-14,2.4739
2011-08-15,2.4832
2011-08-16,2.4889
2011-08-17,2.5081
2011-08-18,2.5209
2011-08-19,2.5222
2011-08-20,2.5222
2011-08-21,2.5222
2011-08-22,2.5167
2011-08-23,2.5288
2011-08-24,2.5217
2011-08-25,2.505
2011-08-26,2.4944
2011-08-27,2.4944
2011-08-28,2.4944
2011-08-29,2.5057
2011-08-30,2.5015
2011-08-31,2.5015
2011-09-01,2.4781
2011-09-02,2.4726
2011-09-03,2.4726
2011-09-04,2.4726
2011-09-05,2.4658
2011-09-06,2.4729
2011-09-07,2.4475
2011-09-08,2.4367
2011-09-09,2.4429
2011-09-10,2.4429
2011-09-11,2.4429
2011-09-12,2.4218
2011-09-13,2.4229
2011-09-14,2.4127
2011-09-15,2.4203
2011-09-16,2.4223
2011-09-17,2.4223
2011-09-18,2.4223
2011-09-19,2.4296
2011-09-20,2.4242
2011-09-21,2.4242
2011-09-22,2.3846
2011-09-23,2.3861
2011-09-24,2.3861
2011-09-25,2.3861
2011-09-26,2.3941
2011-09-27,2.4065
2011-09-28,2.4181
2011-09-29,2.4313
2011-09-30,2.4138
2011-10-01,2.4138
2011-10-02,2.4138
2011-10-03,2.4124
2011-10-04,2.3909
2011-10-05,2.3998
2011-10-06,2.4036
2011-10-07,2.4148
2011-10-08,2.4148
2011-10-09,2.4148
2011-10-10,2.4266
2011-10-11,2.4412
2011-10-12,2.4485
2011-10-13,2.461
2011-10-14,2.4637
2011-10-15,2.4637
2011-10-16,2.4637
2011-10-17,2.4763
2011-10-18,2.4719
2011-10-19,2.4744
2011-10-20,2.4661
2011-10-21,2.4763
2011-10-22,2.4763
2011-10-23,2.4763
2011-10-24,2.5063
2011-10-25,2.5222
2011-10-26,2.5184
2011-10-27,2.5149
2011-10-28,2.5294
2011-10-29,2.5294
2011-10-30,2.5294
2011-10-31,2.5241
2011-11-01,2.5212
2011-11-02,2.5181
2011-11-03,2.5031
2011-11-04,2.52
2011-11-05,2.52
2011-11-06,2.52
2011-11-07,2.52
2011-11-08,2.5266
2011-11-09,2.5338
2011-11-10,2.5057
2011-11-11,2.5098
2011-11-12,2.5098
2011-11-13,2.5098
2011-11-14,2.5252
2011-11-15,2.5093
2011-11-16,2.4865
2011-11-17,2.4833
2011-11-18,2.4909
2011-11-19,2.4909
2011-11-20,2.4909
2011-11-21,2.4806
2011-11-22,2.4712
2011-11-23,2.47
2011-11-24,2.4602
2011-11-25,2.4478
2011-11-26,2.4478
2011-11-27,2.4478
2011-11-28,2.4469
2011-11-29,2.4542
2011-11-30,2.4664
2011-12-01,2.4978
2011-12-02,0.0
2011-12-03,0.0
2011-12-04,0.0
2011-12-05,2.4882
2011-12-06,2.4864
2011-12-07,2.4852
2011-12-08,2.4994
2011-12-09,2.4853
2011-12-10,2.4853
2011-12-11,2.4853
2011-12-12,2.4774
2011-12-13,2.4989
2011-12-14,2.4813
2011-12-15,2.4795
2011-12-16,2.4888
2011-12-17,2.4888
2011-12-18,2.4888
2011-12-19,2.4841
2011-12-20,2.4906
2011-12-21,2.5159
2011-12-22,2.5129
2011-12-23,2.5164
2011-12-24,2.5164
2011-12-25,2.5164
2011-12-26,2.5164
2011-12-27,2.5164
2011-12-28,2.5092
2011-12-29,2.4788
2011-12-30,2.4741
2011-12-31,2.4741
2012-01-01,2.4741
2012-01-02,2.4741
2012-01-03,2.4948
2012-01-04,2.5087
2012-01-05,2.5032
2012-01-06,2.4889
2012-01-07,2.4889
2012-01-08,2.4889
2012-01-09,2.4795
2012-01-10,2.4864
2012-01-11,2.4866
2012-01-12,2.4623
2012-01-13,2.4785
2012-01-14,2.4785
2012-01-15,2.4785
2012-01-16,2.4659
2012-01-17,2.4784
2012-01-18,2.4745
2012-01-19,2.4924
2012-01-20,2.5059
2012-01-21,2.5059
2012-01-22,2.5059
2012-01-23,2.5326
2012-01-24,2.5514
2012-01-25,2.6299
2012-01-26,2.6447
2012-01-27,2.6428
2012-01-28,2.6428
2012-01-29,2.6428
2012-01-30,2.6409
2012-01-31,2.6467
2012-02-01,2.6464
2012-02-02,2.6637
2012-02-03,2.6622
2012-02-04,2.6622
2012-02-05,2.6622
2012-02-06,2.6514
2012-02-07,2.6552
2012-02-08,2.674
2012-02-09,2.6635
2012-02-10,2.6635
2012-02-11,2.6635
2012-02-12,2.6635
2012-02-13,2.6615
2012-02-14,2.6493
2012-02-15,2.6525
2012-02-16,2.6457
2012-02-17,2.6738
2012-02-18,2.6738
2012-02-19,2.6738
2012-02-20,2.6817
2012-02-21,2.686
2012-02-22,2.6744
2012-02-23,2.6603
2012-02-24,2.6705
2012-02-25,2.6705
2012-02-26,2.6705
2012-02-27,2.6909
2012-02-28,2.6887
2012-02-29,2.7017
2012-03-01,2.6995
2012-03-02,2.7033
2012-03-03,2.7033
2012-03-04,2.7033
2012-03-05,2.6866
2012-03-06,2.6866
2012-03-07,2.6712
2012-03-08,2.678
2012-03-09,2.6876
2012-03-10,2.6876
2012-03-11,2.6876
2012-03-12,2.6676
2012-03-13,2.6654
2012-03-14,2.6671
2012-03-15,2.6743
2012-03-16,2.6878
2012-03-17,2.6878
2012-03-18,2.6878
2012-03-19,2.7125
2012-03-20,2.7308
2012-03-21,2.7395
2012-03-22,2.7461
2012-03-23,2.7525
2012-03-24,2.7525
2012-03-25,2.7525
2012-03-26,2.7512
2012-03-27,2.7712
2012-03-28,2.7839
2012-03-29,2.7815
2012-03-30,2.8001
2012-03-31,2.8001
2012-04-01,2.8001
2012-04-02,2.8022
2012-04-03,2.8019
2012-04-04,2.7802
2012-04-05,2.7813
2012-04-06,2.7813
2012-04-07,2.7813
2012-04-08,2.7813
2012-04-09,2.7813
2012-04-10,2.7827
2012-04-11,2.7902
2012-04-12,2.8032
2012-04-13,2.813
2012-04-14,2.813
2012-04-15,2.813
2012-04-16,2.7984
2012-04-17,2.8214
2012-04-18,2.8254
2012-04-19,2.8526
2012-04-20,2.8594
2012-04-21,2.8594
2012-04-22,2.8594
2012-04-23,2.8767
2012-04-24,2.8918
2012-04-25,2.9093
2012-04-26,2.9209
2012-04-27,2.9226
2012-04-28,2.9226
2012-04-29,2.9226
2012-04-30,2.9558
2012-05-01,2.9558
2012-05-02,2.9426
2012-05-03,2.9346
2012-05-04,2.9335
2012-05-05,2.9335
2012-05-06,2.9335
2012-05-07,2.9336
2012-05-08,3.0077
2012-05-09,2.9608
2012-05-10,2.9632
2012-05-11,2.9701
2012-05-12,2.9701
2012-05-13,2.9701
2012-05-14,2.9692
2012-05-15,2.9773
2012-05-16,2.9601
2012-05-17,2.9571
2012-05-18,2.9422
2012-05-19,2.9422
2012-05-20,2.9422
2012-05-21,2.954
2012-05-22,2.9623
2012-05-23,2.9501
2012-05-24,2.9378
2012-05-25,2.9378
2012-05-26,2.9378
2012-05-27,2.9378
2012-05-28,2.9533
2012-05-29,2.9588
2012-05-30,2.9335
2012-05-31,2.9245
2012-06-01,2.9136
2012-06-02,2.9136
2012-06-03,2.9136
2012-06-04,2.9093
2012-06-05,2.9115
2012-06-06,2.9284
2012-06-07,2.9299
2012-06-08,2.9331
2012-06-09,2.9331
2012-06-10,2.9331
2012-06-11,2.9428
2012-06-12,2.9397
2012-06-13,2.9539
2012-06-14,0.0
2012-06-15,2.9471
2012-06-16,2.9471
2012-06-17,2.9471
2012-06-18,2.9817
2012-06-19,2.9921
2012-06-20,3.0081
2012-06-21,2.9987
2012-06-22,2.9853
2012-06-23,2.9853
2012-06-24,2.9853
2012-06-25,2.9812
2012-06-26,2.9763
2012-06-27,2.9925
2012-06-28,2.9932
2012-06-29,3.0035
2012-06-30,3.0035
2012-07-01,3.0035
2012-07-02,3.0035
2012-07-03,3.0137
2012-07-04,3.0122
2012-07-05,3.0056
2012-07-06,2.9888
2012-07-07,2.9888
2012-07-08,2.9888
2012-07-09,2.9865
2012-07-10,2.9896
2012-07-11,2.9933
2012-07-12,2.9829
2012-07-13,2.9791
2012-07-14,2.9791
2012-07-15,2.9791
2012-07-16,3.0039
2012-07-17,3.0243
2012-07-18,3.0272
2012-07-19,3.0363
2012-07-20,3.041
2012-07-21,3.041
2012-07-22,3.041
2012-07-23,3.0173
2012-07-24,3.006
2012-07-25,3.0112
2012-07-26,3.0059
2012-07-27,3.0421
2012-07-28,3.0421
2012-07-29,3.0421
2012-07-30,3.0446
2012-07-31,3.0481
2012-08-01,3.0413
2012-08-02,3.017
2012-08-03,3.013
2012-08-04,3.013
2012-08-05,3.013
2012-08-06,3.026
2012-08-07,3.0343
2012-08-08,3.0286
2012-08-09,3.0482
2012-08-10,3.0482
2012-08-11,3.0482
2012-08-12,3.0482
2012-08-13,3.0464
2012-08-14,3.0572
2012-08-15,3.0485
2012-08-16,3.0436
2012-08-17,3.0546
2012-08-18,3.0546
2012-08-19,3.0546
2012-08-20,3.0546
2012-08-21,3.0638
2012-08-22,3.0691
2012-08-23,3.0912
2012-08-24,3.0802
2012-08-25,3.0802
2012-08-26,3.0802
2012-08-27,3.0729
2012-08-28,3.0609
2012-08-29,3.0685
2012-08-30,3.0677
2012-08-31,3.0597
2012-09-01,3.0597
2012-09-02,3.0597
2012-09-03,3.0718
2012-09-04,3.0797
2012-09-05,3.0704
2012-09-06,3.0806
2012-09-07,3.0901
2012-09-08,3.0901
2012-09-09,3.0901
2012-09-10,3.0914
2012-09-11,3.089
2012-09-12,3.0997
2012-09-13,3.0985
2012-09-14,3.1089
2012-09-15,3.1089
2012-09-16,3.1089
2012-09-17,3.1131
2012-09-18,3.114
2012-09-19,3.1124
2012-09-20,3.1019
2012-09-21,3.1019
2012-09-22,3.1019
2012-09-23,3.1019
2012-09-24,3.1154
2012-09-25,3.1199
2012-09-26,3.1056
2012-09-27,3.1111
2012-09-28,3.1188
2012-09-29,3.1188
2012-09-30,3.1188
2012-10-01,3.0951
2012-10-02,3.0932
2012-10-03,3.0829
2012-10-04,3.0869
2012-10-05,3.1012
2012-10-06,3.1012
2012-10-07,3.1012
2012-10-08,3.0819
2012-10-09,3.0718
2012-10-10,3.06
2012-10-11,3.058
2012-10-12,3.0639
2012-10-13,3.0639
2012-10-14,3.0639
2012-10-15,3.0643
2012-10-16,3.0754
2012-10-17,3.0824
2012-10-18,3.0799
2012-10-19,3.0647
2012-10-20,3.0647
2012-10-21,3.0647
2012-10-22,3.0525
2012-10-23,3.0478
2012-10-24,3.0382
2012-10-25,3.052
2012-10-26,3.052
2012-10-27,3.052
2012-10-28,3.052
2012-10-29,3.0512
2012-10-30,3.0437
2012-10-31,3.0476
2012-11-01,3.0563
2012-11-02,3.0522
2012-11-03,3.0522
2012-11-04,3.0522
2012-11-05,3.0404
2012-11-06,3.0307
2012-11-07,3.0285
2012-11-08,3.019
2012-11-09,3.0196
2012-11-10,3.0196
2012-11-11,3.0196
2012-11-12,3.0007
2012-11-13,3.0017
2012-11-14,3.0048
2012-11-15,2.9975
2012-11-16,3.001
2012-11-17,3.001
2012-11-18,3.001
2012-11-19,3.0101
2012-11-20,3.0095
2012-11-21,3.0059
2012-11-22,3.0238
2012-11-23,3.0227
2012-11-24,3.0227
2012-11-25,3.0227
2012-11-26,3.0383
2012-11-27,3.0444
2012-11-28,3.0391
2012-11-29,3.0428
2012-11-30,3.0544
2012-12-01,3.0544
2012-12-02,3.0544
2012-12-03,3.0512
2012-12-04,3.0618
2012-12-05,3.0622
2012-12-06,3.0546
2012-12-07,3.0546
2012-12-08,3.0546
2012-12-09,3.0546
2012-12-10,3.0415
2012-12-11,3.0518
2012-12-12,3.0599
2012-12-13,3.0676
2012-12-14,3.0645
2012-12-15,3.0645
2012-12-16,3.0645
2012-12-17,3.0742
2012-12-18,3.0799
2012-12-19,3.0913
2012-12-20,3.0891
2012-12-21,3.0901
2012-12-22,3.0901
2012-12-23,3.0901
2012-12-24,3.0747
2012-12-25,3.0747
2012-12-26,3.0747
2012-12-27,3.0682
2012-12-28,3.0649
2012-12-29,3.0649
2012-12-30,3.0649
2012-12-31,3.0679
2013-01-01,3.0679
2013-01-02,3.1063
2013-01-03,3.0911
2013-01-04,3.0603
2013-01-05,3.0603
2013-01-06,3.0603
2013-01-07,3.0573
2013-01-08,3.0655
2013-01-09,3.058
2013-01-10,3.0504
2013-01-11,3.0733
2013-01-12,3.0733
2013-01-13,3.0733
2013-01-14,3.0728
2013-01-15,3.0432
2013-01-16,3.0503
2013-01-17,3.0428
2013-01-18,3.0411
2013-01-19,3.0411
2013-01-20,3.0411
2013-01-21,3.0269
2013-01-22,3.0229
2013-01-23,3.0188
2013-01-24,3.0213
2013-01-25,3.0109
2013-01-26,3.0109
2013-01-27,3.0109
2013-01-28,3.0035
2013-01-29,2.9948
2013-01-30,2.9956
2013-01-31,3.0087
2013-02-01,3.0225
2013-02-02,3.0225
2013-02-03,3.0225
2013-02-04,2.9918
2013-02-05,3.0001
2013-02-06,2.9826
2013-02-07,2.9864
2013-02-08,2.9999
2013-02-09,2.9999
2013-02-10,2.9999
2013-02-11,3.0136
2013-02-12,2.982
2013-02-13,2.9775
2013-02-14,2.9519
2013-02-15,2.9565
2013-02-16,2.9565
2013-02-17,2.9565
2013-02-18,2.9468
2013-02-19,2.9498
2013-02-20,2.9349
2013-02-21,2.8939
2013-02-22,2.9079
2013-02-23,2.9079
2013-02-24,2.9079
2013-02-25,2.8892
2013-02-26,2.9027
2013-02-27,2.8853
2013-02-28,2.9024
2013-03-01,2.9062
2013-03-02,2.9062
2013-03-03,2.9062
2013-03-04,2.8709
2013-03-05,2.9056
2013-03-06,2.9056
2013-03-07,2.8975
2013-03-08,2.8848
2013-03-09,2.8848
2013-03-10,2.8848
2013-03-11,2.8561
2013-03-12,2.8581
2013-03-13,2.8577
2013-03-14,2.8742
2013-03-15,2.904
2013-03-16,2.904
2013-03-17,2.904
2013-03-18,2.9268
2013-03-19,2.9161
2013-03-20,2.9188
2013-03-21,2.9202
2013-03-22,2.9351
2013-03-23,2.9351
2013-03-24,2.9351
2013-03-25,2.9423
2013-03-26,2.9364
2013-03-27,2.9361
2013-03-28,2.9326
2013-03-29,2.9326
2013-03-30,2.9326
2013-03-31,2.9326
2013-04-01,2.9326
2013-04-02,2.9444
2013-04-03,2.9341
2013-04-04,2.9434
2013-04-05,2.9412
2013-04-06,2.9412
2013-04-07,2.9412
2013-04-08,2.9813
2013-04-09,2.9493
2013-04-10,2.9786
2013-04-11,2.9719
2013-04-12,2.9992
2013-04-13,2.9992
2013-04-14,2.9992
2013-04-15,2.9741
2013-04-16,2.9706
2013-04-17,2.9834
2013-04-18,2.9595
2013-04-19,2.9825
2013-04-20,2.9825
2013-04-21,2.9825
2013-04-22,2.9649
2013-04-23,2.972
2013-04-24,2.9797
2013-04-25,2.989
2013-04-26,3.0282
2013-04-27,3.0282
2013-04-28,3.0282
2013-04-29,3.0532
2013-04-30,3.0513
2013-05-01,3.0513
2013-05-02,3.0492
2013-05-03,3.0377
2013-05-04,3.0377
2013-05-05,3.0377
2013-05-06,3.0367
2013-05-07,3.0253
2013-05-08,3.0503
2013-05-09,3.0573
2013-05-10,3.0694
2013-05-11,3.0694
2013-05-12,3.0694
2013-05-13,3.0086
2013-05-14,2.9902
2013-05-15,2.959
2013-05-16,2.9498
2013-05-17,2.9888
2013-05-18,2.9888
2013-05-19,2.9888
2013-05-20,2.9807
2013-05-21,2.999
2013-05-22,2.9727
2013-05-23,2.9606
2013-05-24,2.9811
2013-05-25,2.9811
2013-05-26,2.9811
2013-05-27,2.9811
2013-05-28,3.0004
2013-05-29,2.9612
2013-05-30,2.9826
2013-05-31,3.0003
2013-06-01,3.0003
2013-06-02,3.0003
2013-06-03,3.0126
2013-06-04,3.0347
2013-06-05,3.0244
2013-06-06,3.0454
2013-06-07,3.0802
2013-06-08,3.0802
2013-06-09,3.0802
2013-06-10,3.0854
2013-06-11,3.0788
2013-06-12,3.0963
2013-06-13,3.1079
2013-06-14,3.1188
2013-06-15,3.1188
2013-06-16,3.1188
2013-06-17,3.1221
2013-06-18,3.1124
2013-06-19,3.131
2013-06-20,3.1058
2013-06-21,3.0881
2013-06-22,3.0881
2013-06-23,3.0881
2013-06-24,3.0605
2013-06-25,3.089
2013-06-26,3.0665
2013-06-27,3.0508
2013-06-28,3.031
2013-06-29,3.031
2013-06-30,3.031
2013-07-01,3.031
2013-07-02,3.0285
2013-07-03,3.0182
2013-07-04,3.0645
2013-07-05,3.0645
2013-07-06,3.0645
2013-07-07,3.0645
2013-07-08,2.9682
2013-07-09,2.9761
2013-07-10,2.9568
2013-07-11,2.9682
2013-07-12,3.0122
2013-07-13,3.0122
2013-07-14,3.0122
2013-07-15,3.0124
2013-07-16,3.0059
2013-07-17,3.0113
2013-07-18,3.0248
2013-07-19,3.0284
2013-07-20,3.0284
2013-07-21,3.0284
2013-07-22,3.038
2013-07-23,3.0601
2013-07-24,3.0623
2013-07-25,3.062
2013-07-26,3.0521
2013-07-27,3.0521
2013-07-28,3.0521
2013-07-29,3.0611
2013-07-30,3.0587
2013-07-31,3.0402
2013-08-01,3.0237
2013-08-02,3.0136
2013-08-03,3.0136
2013-08-04,3.0136
2013-08-05,3.0768
2013-08-06,3.0593
2013-08-07,3.1042
2013-08-08,3.1042
2013-08-09,3.0934
2013-08-10,3.0934
2013-08-11,3.0934
2013-08-12,3.0932
2013-08-13,3.0872
2013-08-14,3.0844
2013-08-15,3.0995
2013-08-16,3.1049
2013-08-17,3.1049
2013-08-18,3.1049
2013-08-19,3.1152
2013-08-20,3.1268
2013-08-21,3.1303
2013-08-22,3.133
2013-08-23,3.1119
2013-08-24,3.1119
2013-08-25,3.1119
2013-08-26,3.1125
2013-08-27,3.1084
2013-08-28,3.1049
2013-08-29,3.1003
2013-08-30,3.0964
2013-08-31,3.0964
2013-09-01,3.0964
2013-09-02,3.0908
2013-09-03,3.1056
2013-09-04,3.1027
2013-09-05,3.1254
2013-09-06,3.1153
2013-09-07,3.1153
2013-09-08,3.1153
2013-09-09,3.1238
2013-09-10,3.1411
2013-09-11,3.1428
2013-09-12,3.1613
2013-09-13,3.1623
2013-09-14,3.1623
2013-09-15,3.1623
2013-09-16,3.1702
2013-09-17,3.1858
2013-09-18,3.1786
2013-09-19,3.1932
2013-09-20,3.2091
2013-09-21,3.2091
2013-09-22,3.2091
2013-09-23,3.2091
2013-09-24,3.2035
2013-09-25,3.2019
2013-09-26,3.214
2013-09-27,3.2034
2013-09-28,3.2034
2013-09-29,3.2034
2013-09-30,3.2266
2013-10-01,3.2366
2013-10-02,3.2432
2013-10-03,3.2473
2013-10-04,3.2333
2013-10-05,3.2333
2013-10-06,3.2333
2013-10-07,3.3483
2013-10-08,3.2195
2013-10-09,3.2153
2013-10-10,3.1887
2013-10-11,0.0
2013-10-12,0.0
2013-10-13,0.0
2013-10-14,3.1901
2013-10-15,3.1901
2013-10-16,3.1981
2013-10-17,3.181
2013-10-18,3.2347
2013-10-19,3.2347
2013-10-20,3.2347
2013-10-21,3.2397
2013-10-22,3.2352
2013-10-23,3.2569
2013-10-24,3.2482
2013-10-25,3.2641
2013-10-26,3.2641
2013-10-27,3.2641
2013-10-28,3.257
2013-10-29,3.2559
2013-10-30,3.2467
2013-10-31,3.2587
2013-11-01,3.2602
2013-11-02,3.2602
2013-11-03,3.2602
2013-11-04,3.2456
2013-11-05,3.2583
2013-11-06,3.2904
2013-11-07,3.291
2013-11-08,3.2937
2013-11-09,3.2937
2013-11-10,3.2937
2013-11-11,3.2882
2013-11-12,3.2847
2013-11-13,3.2887
2013-11-14,3.2929
2013-11-15,3.3195
2013-11-16,3.3195
2013-11-17,3.3195
2013-11-18,3.3266
2013-11-19,3.3298
2013-11-20,3.3342
2013-11-21,3.3469
2013-11-22,3.3455
2013-11-23,3.3455
2013-11-24,3.3455
2013-11-25,3.3657
2013-11-26,3.357
2013-11-27,3.3665
2013-11-28,3.3911
2013-11-29,3.4047
2013-11-30,3.4047
2013-12-01,3.4047
2013-12-02,3.4178
2013-12-03,3.4248
2013-12-04,3.4351
2013-12-05,3.4219
2013-12-06,3.4219
2013-12-07,3.4219
2013-12-08,3.4219
2013-12-09,3.4121
2013-12-10,3.4263
2013-12-11,3.4362
2013-12-12,3.4224
2013-12-13,3.418
2013-12-14,3.418
2013-12-15,3.418
2013-12-16,3.4059
2013-12-17,3.4102
2013-12-18,3.3968
2013-12-19,3.4447
2013-12-20,3.4563
2013-12-21,3.4563
2013-12-22,3.4563
2013-12-23,3.4956
2013-12-24,3.5327
2013-12-25,3.5327
2013-12-26,3.5327
2013-12-27,3.5371
2013-12-28,3.5371
2013-12-29,3.5371
2013-12-30,3.5619
2013-12-31,3.5749
2014-01-01,3.5749
2014-01-02,3.6588
2014-01-03,3.6341
2014-01-04,3.6341
2014-01-05,3.6341
2014-01-06,3.6773
2014-01-07,3.6846
2014-01-08,3.6921
2014-01-09,3.7072
2014-01-10,3.7322
2014-01-11,3.7322
2014-01-12,3.7322
2014-01-13,3.7407
2014-01-14,3.7192
2014-01-15,3.7708
2014-01-16,3.7548
2014-01-17,3.7526
2014-01-18,3.7526
2014-01-19,3.7526
2014-01-20,3.7765
2014-01-21,3.7729
2014-01-22,3.7884
2014-01-23,3.8397
2014-01-24,3.8536
2014-01-25,3.8536
2014-01-26,3.8536
2014-01-27,3.8361
2014-01-28,3.8524
2014-01-29,3.858
2014-01-30,3.9554
2014-01-31,3.9566
2014-02-01,3.9566
2014-02-02,3.9566
2014-02-03,3.9482
2014-02-04,3.9269
2014-02-05,3.9382
2014-02-06,3.9415
2014-02-07,3.9531
2014-02-08,3.9531
2014-02-09,3.9531
2014-02-10,3.9805
2014-02-11,3.9672
2014-02-12,3.9924
2014-02-13,4.0348
2014-02-14,4.0521
2014-02-15,4.0521
2014-02-16,4.0521
2014-02-17,4.0763
2014-02-18,4.0671
2014-02-19,4.0792
2014-02-20,4.0856
2014-02-21,4.095
2014-02-22,4.095
2014-02-23,4.095
2014-02-24,4.1851
2014-02-25,4.1651
2014-02-26,4.1864
2014-02-27,4.1912
2014-02-28,4.211
2014-03-01,4.211
2014-03-02,4.211
2014-03-03,4.2294
2014-03-04,4.2241
2014-03-05,4.2179
2014-03-06,4.2179
2014-03-07,4.2362
2014-03-08,4.2362
2014-03-09,4.2362
2014-03-10,4.2463
2014-03-11,4.2311
2014-03-12,4.2363
2014-03-13,4.235
2014-03-14,4.2587
2014-03-15,4.2587
2014-03-16,4.2587
2014-03-17,4.2618
2014-03-18,4.2779
2014-03-19,4.272
2014-03-20,4.2985
2014-03-21,4.3263
2014-03-22,4.3263
2014-03-23,4.3263
2014-03-24,4.3317
2014-03-25,4.3599
2014-03-26,4.3719
2014-03-27,4.3946
2014-03-28,4.4428
2014-03-29,4.4428
2014-03-30,4.4428
2014-03-31,4.4609
2014-04-01,4.481
2014-04-02,4.4753
2014-04-03,4.4935
2014-04-04,4.474
2014-04-05,4.474
2014-04-06,4.474
2014-04-07,4.4729
2014-04-08,4.4852
2014-04-09,4.5398
2014-04-10,4.5467
2014-04-11,4.6142
2014-04-12,4.6142
2014-04-13,4.6142
2014-04-14,4.5965
2014-04-15,4.5983
2014-04-16,4.5965
2014-04-17,4.6364
2014-04-18,4.6364
2014-04-19,4.6364
2014-04-20,4.6364
2014-04-21,4.6364
2014-04-22,4.6569
2014-04-23,4.6692
2014-04-24,4.66
2014-04-25,4.6763
2014-04-26,4.6763
2014-04-27,4.6763
2014-04-28,4.6818
2014-04-29,4.6871
2014-04-30,4.7088
2014-05-01,4.7088
2014-05-02,4.723
2014-05-03,4.723
2014-05-04,4.723
2014-05-05,4.7182
2014-05-06,4.7451
2014-05-07,4.7816
2014-05-08,4.8115
2014-05-09,4.8347
2014-05-10,4.8347
2014-05-11,4.8347
2014-05-12,4.8047
2014-05-13,4.8166
2014-05-14,4.8305
2014-05-15,4.8307
2014-05-16,4.8388
2014-05-17,4.8388
2014-05-18,4.8388
2014-05-19,4.8488
2014-05-20,4.8497
2014-05-21,4.8574
2014-05-22,4.8671
2014-05-23,4.8665
2014-05-24,4.8665
2014-05-25,4.8665
2014-05-26,4.8665
2014-05-27,4.868
2014-05-28,4.8697
2014-05-29,4.8308
2014-05-30,4.8402
2014-05-31,4.8402
2014-06-01,4.8402
2014-06-02,4.8566
2014-06-03,4.8511
2014-06-04,4.8896
2014-06-05,4.9114
2014-06-06,4.9554
2014-06-07,4.9554
2014-06-08,4.9554
2014-06-09,4.9834
2014-06-10,4.9874
2014-06-11,4.9995
2014-06-12,5.0149
2014-06-13,5.0382
2014-06-14,5.0382
2014-06-15,5.0382
2014-06-16,5.0855
2014-06-17,5.1145
2014-06-18,5.1079
2014-06-19,5.1041
2014-06-20,5.2356
2014-06-21,5.2356
2014-06-22,5.2356
2014-06-23,5.1671
2014-06-24,5.1124
2014-06-25,5.0996
2014-06-26,5.099
2014-06-27,5.1067
2014-06-28,5.1067
2014-06-29,5.1067
2014-06-30,5.1108
2014-07-01,5.1108
2014-07-02,5.1286
2014-07-03,5.1686
2014-07-04,5.1645
2014-07-05,5.1645
2014-07-06,5.1645
2014-07-07,5.1654
2014-07-08,5.1592
2014-07-09,5.1766
2014-07-10,5.1821
2014-07-11,5.1772
2014-07-12,5.1772
2014-07-13,5.1772
2014-07-14,5.1731
2014-07-15,5.1682
2014-07-16,5.2029
2014-07-17,5.2011
2014-07-18,5.1887
2014-07-19,5.1887
2014-07-20,5.1887
2014-07-21,5.1789
2014-07-22,5.1783
2014-07-23,5.1762
2014-07-24,5.1744
2014-07-25,5.1519
2014-07-26,5.1519
2014-07-27,5.1519
2014-07-28,5.1519
2014-07-29,5.1519
2014-07-30,5.1413
2014-07-31,5.1325
2014-08-01,5.1243
2014-08-02,5.1243
2014-08-03,5.1243
2014-08-04,5.1125
2014-08-05,5.1115
2014-08-06,5.1185
2014-08-07,5.1097
2014-08-08,5.1122
2014-08-09,5.1122
2014-08-10,5.1122
2014-08-11,5.0988
2014-08-12,5.0952
2014-08-13,5.1009
2014-08-14,5.0666
2014-08-15,5.066
2014-08-16,5.066
2014-08-17,5.066
2014-08-18,5.0669
2014-08-19,5.0754
2014-08-20,5.0439
2014-08-21,5.0958
2014-08-22,5.0827
2014-08-23,5.0827
2014-08-24,5.0827
2014-08-25,5.1937
2014-08-26,5.1987
2014-08-27,5.1947
2014-08-28,5.1981
2014-08-29,5.1975
2014-08-30,5.1975
2014-08-31,5.1975
2014-09-01,5.2012
2014-09-02,5.2088
2014-09-03,5.243
2014-09-04,5.2264
2014-09-05,5.2311
2014-09-06,5.2311
2014-09-07,5.2311
2014-09-08,5.2066
2014-09-09,5.1574
2014-09-10,5.1505
2014-09-11,5.1624
2014-09-12,5.1879
2014-09-13,5.1879
2014-09-14,5.1879
2014-09-15,5.1905
2014-09-16,5.1918
2014-09-17,5.1847
2014-09-18,5.2271
2014-09-19,5.2469
2014-09-20,5.2469
2014-09-21,5.2469
2014-09-22,5.2469
2014-09-23,5.2261
2014-09-24,5.2376
2014-09-25,5.2351
2014-09-26,5.2181
2014-09-27,5.2181
2014-09-28,5.2181
2014-09-29,5.1961
2014-09-30,5.1968
2014-10-01,5.1867
2014-10-02,5.1824
2014-10-03,5.1558
2014-10-04,5.1558
2014-10-05,5.1558
2014-10-06,5.1558
2014-10-07,5.1059
2014-10-08,5.1437
2014-10-09,5.1386
2014-10-10,5.1638
2014-10-11,5.1638
2014-10-12,5.1638
2014-10-13,5.1277
2014-10-14,5.1354
2014-10-15,5.0922
2014-10-16,5.0984
2014-10-17,5.1256
2014-10-18,5.1256
2014-10-19,5.1256
2014-10-20,5.1454
2014-10-21,5.1569
2014-10-22,5.139
2014-10-23,5.139
2014-10-24,5.1211
2014-10-25,5.1211
2014-10-26,5.1211
2014-10-27,5.1419
2014-10-28,5.1595
2014-10-29,5.1665
2014-10-30,5.1625
2014-10-31,5.12
2014-11-01,5.12
2014-11-02,5.12
2014-11-03,5.1074
2014-11-04,5.1086
2014-11-05,5.1182
2014-11-06,5.1039
2014-11-07,5.0911
2014-11-08,5.0911
2014-11-09,5.0911
2014-11-10,5.0655
2014-11-11,5.0798
2014-11-12,5.0773
2014-11-13,5.0603
2014-11-14,5.0403
2014-11-15,5.0403
2014-11-16,5.0403
2014-11-17,4.9951
2014-11-18,5.0043
2014-11-19,5.0042
2014-11-20,5.0103
2014-11-21,5.0316
2014-11-22,5.0316
2014-11-23,5.0316
2014-11-24,5.0076
2014-11-25,5.0163
2014-11-26,5.0198
2014-11-27,5.0495
2014-11-28,5.0386
2014-11-29,5.0386
2014-11-30,5.0386
2014-12-01,5.0115
2014-12-02,5.0367
2014-12-03,5.0039
2014-12-04,5.0148
2014-12-05,5.0148
2014-12-06,5.0148
2014-12-07,5.0148
2014-12-08,5.0116
2014-12-09,4.997
2014-12-10,5.0149
2014-12-11,5.0186
2014-12-12,5.0148
2014-12-13,5.0148
2014-12-14,5.0148
2014-12-15,5.0298
2014-12-16,5.0077
2014-12-17,5.0405
2014-12-18,5.0179
2014-12-19,5.0103
2014-12-20,5.0103
2014-12-21,5.0103
2014-12-22,5.0093
2014-12-23,4.9981
2014-12-24,4.9584
2014-12-25,4.9584
2014-12-26,4.9584
2014-12-27,4.9584
2014-12-28,4.9584
2014-12-29,4.9744
2014-12-30,4.9716
2014-12-31,4.9815
2015-01-01,4.9815
2015-01-02,4.9918
2015-01-03,4.9918
2015-01-04,4.9918
2015-01-05,4.9312
2015-01-06,4.8836
2015-01-07,4.8752
2015-01-08,4.8477
2015-01-09,4.8796
2015-01-10,4.8796
2015-01-11,4.8796
2015-01-12,4.8573
2015-01-13,4.8708
2015-01-14,4.8796
2015-01-15,4.9002
2015-01-16,4.8941
2015-01-17,4.8941
2015-01-18,4.8941
2015-01-19,4.8817
2015-01-20,4.8862
2015-01-21,4.8999
2015-01-22,4.878
2015-01-23,4.8863
2015-01-24,4.8863
2015-01-25,4.8863
2015-01-26,4.8532
2015-01-27,4.8599
2015-01-28,4.9134
2015-01-29,4.9095
2015-01-30,4.9021
2015-01-31,4.9021
2015-02-01,4.9021
2015-02-02,4.8792
2015-02-03,4.8956
2015-02-04,4.9386
2015-02-05,4.9885
2015-02-06,5.022
2015-02-07,5.022
2015-02-08,5.022
2015-02-09,5.0136
2015-02-10,5.0944
2015-02-11,5.113
2015-02-12,5.1097
2015-02-13,5.1739
2015-02-14,5.1739
2015-02-15,5.1739
2015-02-16,5.2234
2015-02-17,5.2156
2015-02-18,5.212
2015-02-19,5.2546
2015-02-20,5.255
2015-02-21,5.255
2015-02-22,5.255
2015-02-23,5.2507
2015-02-24,5.3129
2015-02-25,5.33
2015-02-26,5.3687
2015-02-27,5.3593
2015-02-28,5.3593
2015-03-01,5.3593
2015-03-02,5.3582
2015-03-03,5.3401
2015-03-04,5.3614
2015-03-05,5.3319
2015-03-06,5.3319
2015-03-07,5.3319
2015-03-08,5.3319
2015-03-09,5.3498
2015-03-10,5.303
2015-03-11,5.3231
2015-03-12,5.2872
2015-03-13,5.2797
2015-03-14,5.2797
2015-03-15,5.2797
2015-03-16,5.2353
2015-03-17,5.2625
2015-03-18,5.3135
2015-03-19,5.2908
2015-03-20,5.3654
2015-03-21,5.3654
2015-03-22,5.3654
2015-03-23,5.4182
2015-03-24,5.5076
2015-03-25,5.4972
2015-03-26,5.523
2015-03-27,5.5232
2015-03-28,5.5232
2015-03-29,5.5232
2015-03-30,5.5616
2015-03-31,5.552
2015-04-01,5.5941
2015-04-02,5.5981
2015-04-03,5.5981
2015-04-04,5.5981
2015-04-05,5.5981
2015-04-06,5.5981
2015-04-07,5.6134
2015-04-08,5.6432
2015-04-09,5.6948
2015-04-10,5.6101
2015-04-11,5.6101
2015-04-12,5.6101
2015-04-13,5.5906
2015-04-14,5.6014
2015-04-15,5.6402
2015-04-16,5.626
2015-04-17,5.7089
2015-04-18,5.7089
2015-04-19,5.7089
2015-04-20,5.7132
2015-04-21,5.676
2015-04-22,5.7247
2015-04-23,5.7173
2015-04-24,5.7601
2015-04-25,5.7601
2015-04-26,5.7601
2015-04-27,5.8203
2015-04-28,5.8489
2015-04-29,5.8886
2015-04-30,5.9516
2015-05-01,5.9516
2015-05-02,5.9516
2015-05-03,5.9516
2015-05-04,5.924
2015-05-05,5.834
2015-05-06,5.8642
2015-05-07,5.8823
2015-05-08,5.8823
2015-05-09,5.8823
2015-05-10,5.8823
2015-05-11,5.9684
2015-05-12,6.017
2015-05-13,6.0658
2015-05-14,6.111
2015-05-15,6.1349
2015-05-16,6.1349
2015-05-17,6.1349
2015-05-18,6.1198
2015-05-19,6.0624
2015-05-20,6.01
2015-05-21,6.0745
2015-05-22,6.1767
2015-05-23,6.1767
2015-05-24,6.1767
2015-05-25,6.1767
2015-05-26,6.0998
2015-05-27,6.111
2015-05-28,6.0708
2015-05-29,6.1082
2015-05-30,6.1082
2015-05-31,6.1082
2015-06-01,6.1308
2015-06-02,6.1477
2015-06-03,6.2165
2015-06-04,6.2742
2015-06-05,6.2977
2015-06-06,6.2977
2015-06-07,6.2977
2015-06-08,6.2724
2015-06-09,6.2853
2015-06-10,6.309
2015-06-11,6.4337
2015-06-12,6.4884
2015-06-13,6.4884
2015-06-14,6.4884
2015-06-15,6.5118
2015-06-16,6.6147
2015-06-17,6.6588
2015-06-18,6.7493
2015-06-19,6.7823
2015-06-20,6.7823
2015-06-21,6.7823
2015-06-22,6.7738
2015-06-23,6.7445
2015-06-24,6.7533
2015-06-25,6.7785
2015-06-26,6.7958
2015-06-27,6.7958
2015-06-28,6.7958
2015-06-29,6.8246
2015-06-30,6.837
2015-07-01,6.837
2015-07-02,6.5473
2015-07-03,6.2685
2015-07-04,6.2685
2015-07-05,6.2685
2015-07-06,6.1421
2015-07-07,5.859
2015-07-08,5.6322
2015-07-09,5.4605
2015-07-10,5.3635
2015-07-11,5.3635
2015-07-12,5.3635
2015-07-13,5.1759
2015-07-14,5.1629
2015-07-15,5.1719
2015-07-16,5.0784
2015-07-17,5.0599
2015-07-18,5.0599
2015-07-19,5.0599
2015-07-20,5.0599
2015-07-21,5.0834
2015-07-22,5.1231
2015-07-23,5.1079
2015-07-24,5.1072
2015-07-25,5.1072
2015-07-26,5.1072
2015-07-27,5.2461
2015-07-28,5.3293
2015-07-29,5.354
2015-07-30,5.3854
2015-07-31,5.4249
2015-08-01,5.4249
2015-08-02,5.4249
2015-08-03,5.5488
2015-08-04,5.617
2015-08-05,5.7356
2015-08-06,5.7784
2015-08-07,5.8135
2015-08-08,5.8135
2015-08-09,5.8135
2015-08-10,5.8783
2015-08-11,5.9122
2015-08-12,5.9917
2015-08-13,6.0397
2015-08-14,6.1094
2015-08-15,6.1094
2015-08-16,6.1094
2015-08-17,6.1225
2015-08-18,6.1703
2015-08-19,6.2046
2015-08-20,6.2465
2015-08-21,6.3016
2015-08-22,6.3016
2015-08-23,6.3016
2015-08-24,6.3504
2015-08-25,6.3586
2015-08-26,6.3201
2015-08-27,6.2636
2015-08-28,6.2212
2015-08-29,6.2212
2015-08-30,6.2212
2015-08-31,6.0301
2015-09-01,5.8007
2015-09-02,5.7324
2015-09-03,5.6435
2015-09-04,5.6368
2015-09-05,5.6368
2015-09-06,5.6368
2015-09-07,5.6668
2015-09-08,5.711
2015-09-09,5.717
2015-09-10,5.7513
2015-09-11,5.7446
2015-09-12,5.7446
2015-09-13,5.7446
2015-09-14,5.829
2015-09-15,5.8587
2015-09-16,5.9516
2015-09-17,5.9886
2015-09-18,6.0003
2015-09-19,6.0003
2015-09-20,6.0003
2015-09-21,6.0003
2015-09-22,5.8996
2015-09-23,5.8086
2015-09-24,5.8086
2015-09-25,5.7601
2015-09-26,5.7601
2015-09-27,5.7601
2015-09-28,5.7414
2015-09-29,5.6996
2015-09-30,5.6366
2015-10-01,5.6288
2015-10-02,5.6658
2015-10-03,5.6658
2015-10-04,5.6658
2015-10-05,5.633
2015-10-06,5.6734
2015-10-07,5.7377
2015-10-08,5.7524
2015-10-09,5.7702
2015-10-10,5.7702
2015-10-11,5.7702
2015-10-12,5.7672
2015-10-13,5.7371
2015-10-14,5.8142
2015-10-15,5.8424
2015-10-16,5.8314
2015-10-17,5.8314
2015-10-18,5.8314
2015-10-19,5.8898
2015-10-20,5.8816
2015-10-21,5.8783
2015-10-22,5.8491
2015-10-23,5.811
2015-10-24,5.811
2015-10-25,5.811
2015-10-26,5.8256
2015-10-27,5.7934
2015-10-28,5.7968
2015-10-29,5.7896
2015-10-30,5.8321
2015-10-31,5.8321
2015-11-01,5.8321
2015-11-02,5.8654
2015-11-03,5.8294
2015-11-04,5.8348
2015-11-05,5.7766
2015-11-06,5.7144
2015-11-07,5.7144
2015-11-08,5.7144
2015-11-09,5.7228
2015-11-10,5.7349
2015-11-11,5.7615
2015-11-12,5.7736
2015-11-13,5.7673
2015-11-14,5.7673
2015-11-15,5.7673
2015-11-16,5.756
2015-11-17,5.7642
2015-11-18,5.7658
2015-11-19,5.79
2015-11-20,5.7768
2015-11-21,5.7768
2015-11-22,5.7768
2015-11-23,5.7428
2015-11-24,5.7186
2015-11-25,5.7289
2015-11-26,5.7373
2015-11-27,5.7047
2015-11-28,5.7047
2015-11-29,5.7047
2015-11-30,5.7143
2015-12-01,5.7027
2015-12-02,5.6679
2015-12-03,5.7162
2015-12-04,5.7162
2015-12-05,5.7162
2015-12-06,5.7162
2015-12-07,5.7237
2015-12-08,5.695
2015-12-09,5.7594
2015-12-10,5.7686
2015-12-11,5.7777
2015-12-12,5.7777
2015-12-13,5.7777
2015-12-14,5.7374
2015-12-15,5.7679
2015-12-16,5.7109
2015-12-17,5.6655
2015-12-18,5.6563
2015-12-19,5.6563
2015-12-20,5.6563
2015-12-21,5.666
2015-12-22,5.6338
2015-12-23,5.6422
2015-12-24,5.6665
2015-12-25,5.6665
2015-12-26,5.6665
2015-12-27,5.6665
2015-12-28,5.6665
2015-12-29,5.6315
2015-12-30,5.6295
2015-12-31,5.6202
2016-01-01,5.6202
2016-01-02,5.6202
2016-01-03,5.6202
2016-01-04,5.5725
2016-01-05,5.5693
2016-01-06,5.5562
2016-01-07,5.5459
2016-01-08,5.5362
2016-01-09,5.5362
2016-01-10,5.5362
2016-01-11,5.516
2016-01-12,5.4715
2016-01-13,5.4901
2016-01-14,5.491
2016-01-15,5.452
2016-01-16,5.452
2016-01-17,5.452
2016-01-18,5.4429
2016-01-19,5.3976
2016-01-20,5.4198
2016-01-21,5.3884
2016-01-22,5.486
2016-01-23,5.486
2016-01-24,5.486
2016-01-25,5.4538
2016-01-26,5.4646
2016-01-27,5.4908
2016-01-28,5.4981
2016-01-29,5.4575
2016-01-30,5.4575
2016-01-31,5.4575
2016-02-01,5.5072
2016-02-02,5.5422
2016-02-03,5.5993
2016-02-04,5.621
2016-02-05,5.5988
2016-02-06,5.5988
2016-02-07,5.5988
2016-02-08,5.5574
2016-02-09,5.579
2016-02-10,5.6045
2016-02-11,5.6159
2016-02-12,5.6155
2016-02-13,5.6155
2016-02-14,5.6155
2016-02-15,5.6039
2016-02-16,5.5447
2016-02-17,5.5423
2016-02-18,5.5881
2016-02-19,5.5462
2016-02-20,5.5462
2016-02-21,5.5462
2016-02-22,5.5066
2016-02-23,5.5131
2016-02-24,5.4335
2016-02-25,5.4015
2016-02-26,5.4103
2016-02-27,5.4103
2016-02-28,5.4103
2016-02-29,5.3905
2016-03-01,5.3994
2016-03-02,5.4478
2016-03-03,5.4572
2016-03-04,5.4767
2016-03-05,5.4767
2016-03-06,5.4767
2016-03-07,5.4767
2016-03-08,5.4863
2016-03-09,5.4662
2016-03-10,5.5148
2016-03-11,5.5172
2016-03-12,5.5172
2016-03-13,5.5172
2016-03-14,5.5122
2016-03-15,5.4462
2016-03-16,5.4163
2016-03-17,5.5663
2016-03-18,5.5789
2016-03-19,5.5789
2016-03-20,5.5789
2016-03-21,5.5411
2016-03-22,5.4759
2016-03-23,5.4178
2016-03-24,5.4331
2016-03-25,5.4331
2016-03-26,5.4331
2016-03-27,5.4331
2016-03-28,5.4331
2016-03-29,5.4822
2016-03-30,5.5285
2016-03-31,5.5196
2016-04-01,5.4369
2016-04-02,5.4369
2016-04-03,5.4369
2016-04-04,5.4565
2016-04-05,5.4171
2016-04-06,5.4034
2016-04-07,5.4002
2016-04-08,5.3964
2016-04-09,5.3964
2016-04-10,5.3964
2016-04-11,5.4659
2016-04-12,5.4496
2016-04-13,5.449
2016-04-14,5.4166
2016-04-15,5.4286
2016-04-16,5.4286
2016-04-17,5.4286
2016-04-18,5.4621
2016-04-19,5.5136
2016-04-20,5.5089
2016-04-21,5.4765
2016-04-22,5.4929
2016-04-23,5.4929
2016-04-24,5.4929
2016-04-25,5.5163
2016-04-26,5.5367
2016-04-27,5.5236
2016-04-28,5.5398
2016-04-29,5.5384
2016-04-30,5.5384
2016-05-01,5.5384
2016-05-02,5.5384
2016-05-03,5.5249
2016-05-04,5.4875
2016-05-05,5.5093
2016-05-06,5.5004
2016-05-07,5.5004
2016-05-08,5.5004
2016-05-09,5.4884
2016-05-10,5.5151
2016-05-11,5.5177
2016-05-12,5.5135
2016-05-13,5.4783
2016-05-14,5.4783
2016-05-15,5.4783
2016-05-16,5.4936
2016-05-17,5.5244
2016-05-18,5.5776
2016-05-19,5.5756
2016-05-20,5.561
2016-05-21,5.561
2016-05-22,5.561
2016-05-23,5.5447
2016-05-24,5.5984
2016-05-25,5.5984
2016-05-26,5.622
2016-05-27,5.6092
2016-05-28,5.6092
2016-05-29,5.6092
2016-05-30,5.6126
2016-05-31,5.6246
2016-06-01,5.5276
2016-06-02,5.5453
2016-06-03,5.591
2016-06-04,5.591
2016-06-05,5.591
2016-06-06,5.5713
2016-06-07,5.6193
2016-06-08,5.629
2016-06-09,5.5967
2016-06-10,5.5575
2016-06-11,5.5575
2016-06-12,5.5575
2016-06-13,5.5365
2016-06-14,5.4792
2016-06-15,5.5368
2016-06-16,5.4857
2016-06-17,5.5743
2016-06-18,5.5743
2016-06-19,5.5743
2016-06-20,5.7336
2016-06-21,5.7323
2016-06-22,5.7324
2016-06-23,5.7927
2016-06-24,5.3287
2016-06-25,5.3287
2016-06-26,5.3287
2016-06-27,5.177
2016-06-28,5.216
2016-06-29,5.3096
2016-06-30,5.2123
2016-07-01,5.2123
2016-07-02,5.2123
2016-07-03,5.2123
2016-07-04,5.221
2016-07-05,5.1196
2016-07-06,5.1196
2016-07-07,5.0826
2016-07-08,5.0914
2016-07-09,5.0914
2016-07-10,5.0914
2016-07-11,5.114
2016-07-12,5.2165
2016-07-13,5.2042
2016-07-14,5.2565
2016-07-15,5.1928
2016-07-16,5.1928
2016-07-17,5.1928
2016-07-18,5.2357
2016-07-19,5.1844
2016-07-20,5.2024
2016-07-21,5.216
2016-07-22,5.1607
2016-07-23,5.1607
2016-07-24,5.1607
2016-07-25,5.1793
2016-07-26,5.1778
2016-07-27,5.171
2016-07-28,5.1867
2016-07-29,5.2424
2016-07-30,5.2424
2016-07-31,5.2424
2016-08-01,5.2161
2016-08-02,5.2594
2016-08-03,5.2603
2016-08-04,5.1837
2016-08-05,5.1586
2016-08-06,5.1586
2016-08-07,5.1586
2016-08-08,5.1491
2016-08-09,5.1365
2016-08-10,5.1358
2016-08-11,5.1126
2016-08-12,5.1026
2016-08-13,5.1026
2016-08-14,5.1026
2016-08-15,5.0834
2016-08-16,5.1236
2016-08-17,5.1316
2016-08-18,5.192
2016-08-19,5.1536
2016-08-20,5.1536
2016-08-21,5.1536
2016-08-22,5.187
2016-08-23,5.2066
2016-08-24,5.2294
2016-08-25,5.2098
2016-08-26,5.2078
2016-08-27,5.2078
2016-08-28,5.2078
2016-08-29,5.1614
2016-08-30,5.164
2016-08-31,5.1749
2016-09-01,5.2501
2016-09-02,5.252
2016-09-03,5.252
2016-09-04,5.252
2016-09-05,5.2568
2016-09-06,5.2952
2016-09-07,5.2772
2016-09-08,5.26
2016-09-09,5.2458
2016-09-10,5.2458
2016-09-11,5.2458
2016-09-12,5.2458
2016-09-13,5.2164
2016-09-14,5.224
2016-09-15,5.228
2016-09-16,5.1815
2016-09-17,5.1815
2016-09-18,5.1815
2016-09-19,5.1699
2016-09-20,5.136
2016-09-21,5.136
2016-09-22,5.1881
2016-09-23,5.1432
2016-09-24,5.1432
2016-09-25,5.1432
2016-09-26,5.154
2016-09-27,5.16
2016-09-28,5.1604
2016-09-29,5.1611
2016-09-30,5.1548
2016-10-01,5.1548
2016-10-02,5.1548
2016-10-03,5.1047
2016-10-04,5.0667
2016-10-05,5.0601
2016-10-06,5.0266
2016-10-07,4.95
2016-10-08,4.95
2016-10-09,4.95
2016-10-10,4.9181
2016-10-11,4.8547
2016-10-12,4.8508
2016-10-13,4.846
2016-10-14,4.8371
2016-10-15,4.8371
2016-10-16,4.8371
2016-10-17,4.833
2016-10-18,4.8764
2016-10-19,4.8736
2016-10-20,4.8565
2016-10-21,4.839
2016-10-22,4.839
2016-10-23,4.839
2016-10-24,4.8423
2016-10-25,4.8127
2016-10-26,4.8525
2016-10-27,4.8346
2016-10-28,4.8218
2016-10-29,4.8218
2016-10-30,4.8218
2016-10-31,4.8228
2016-11-01,4.8572
2016-11-02,4.8806
2016-11-03,4.94
2016-11-04,4.97
2016-11-05,4.97
2016-11-06,4.97
2016-11-07,4.9171
2016-11-08,4.9123
2016-11-09,4.9137
2016-11-10,4.9516
2016-11-11,5.0103
2016-11-12,5.0103
2016-11-13,5.0103
2016-11-14,4.9565
2016-11-15,4.9259
2016-11-16,4.9492
2016-11-17,4.9561
2016-11-18,4.9109
2016-11-19,4.9109
2016-11-20,4.9109
2016-11-21,4.9708
2016-11-22,4.9491
2016-11-23,4.9296
2016-11-24,4.9699
2016-11-25,4.9507
2016-11-26,4.9507
2016-11-27,4.9507
2016-11-28,4.9411
2016-11-29,4.9784
2016-11-30,5.0186
2016-12-01,5.0952
2016-12-02,5.0952
2016-12-03,5.0952
2016-12-04,5.0952
2016-12-05,5.1323
2016-12-06,5.1441
2016-12-07,5.0965
2016-12-08,5.0751
2016-12-09,5.0869
2016-12-10,5.0869
2016-12-11,5.0869
2016-12-12,5.157
2016-12-13,5.2111
2016-12-14,5.2096
2016-12-15,5.1242
2016-12-16,5.1061
2016-12-17,5.1061
2016-12-18,5.1061
2016-12-19,5.0969
2016-12-20,5.0858
2016-12-21,5.1228
2016-12-22,5.1173
2016-12-23,5.0876
2016-12-24,5.0876
2016-12-25,5.0876
2016-12-26,5.0876
2016-12-27,5.0876
2016-12-28,5.1064
2016-12-29,5.1186
2016-12-30,5.2003
2016-12-31,5.2003
2017-01-01,5.2003
2017-01-02,5.2003
2017-01-03,5.1591
2017-01-04,5.1763
2017-01-05,5.1911
2017-01-06,5.2001
2017-01-07,5.2001
2017-01-08,5.2001
2017-01-09,5.1214
2017-01-10,5.1316
2017-01-11,5.1602
2017-01-12,5.1905
2017-01-13,5.1301
2017-01-14,5.1301
2017-01-15,5.1301
2017-01-16,5.1051
2017-01-17,5.2447
2017-01-18,5.2154
2017-01-19,5.2117
2017-01-20,5.2225
2017-01-21,5.2225
2017-01-22,5.2225
2017-01-23,5.2895
2017-01-24,5.2987
2017-01-25,5.3706
2017-01-26,5.3745
2017-01-27,5.3665
2017-01-28,5.3665
2017-01-29,5.3665
2017-01-30,5.3456
2017-01-31,5.3518
2017-02-01,5.4156
2017-02-02,5.3912
2017-02-03,5.3652
2017-02-04,5.3652
2017-02-05,5.3652
2017-02-06,5.3559
2017-02-07,5.344
2017-02-08,5.4662
2017-02-09,5.4899
2017-02-10,5.4529
2017-02-11,5.4529
2017-02-12,5.4529
2017-02-13,5.4681
2017-02-14,5.4599
2017-02-15,5.4506
2017-02-16,5.4677
2017-02-17,5.4391
2017-02-18,5.4391
2017-02-19,5.4391
2017-02-20,5.4606
2017-02-21,5.4487
2017-02-22,5.5179
2017-02-23,5.5499
2017-02-24,5.5588
2017-02-25,5.5588
2017-02-26,5.5588
2017-02-27,5.5471
2017-02-28,5.5781
2017-03-01,5.5363
2017-03-02,5.5347
2017-03-03,5.5233
2017-03-04,5.5233
2017-03-05,5.5233
2017-03-06,5.5233
2017-03-07,5.5321
2017-03-08,5.608
2017-03-09,5.6122
2017-03-10,5.5987
2017-03-11,5.5987
2017-03-12,5.5987
2017-03-13,5.6184
2017-03-14,5.5693
2017-03-15,5.5915
2017-03-16,5.6353
2017-03-17,5.6235
2017-03-18,5.6235
2017-03-19,5.6235
2017-03-20,5.601
2017-03-21,5.6071
2017-03-22,5.585
2017-03-23,5.532
2017-03-24,5.431
2017-03-25,5.431
2017-03-26,5.431
2017-03-27,5.4651
2017-03-28,5.433
2017-03-29,5.3834
2017-03-30,5.4258
2017-03-31,5.3993
2017-04-01,5.3993
2017-04-02,5.3993
2017-04-03,5.3578
2017-04-04,5.3241
2017-04-05,5.1997
2017-04-06,5.2456
2017-04-07,5.1916
2017-04-08,5.1916
2017-04-09,5.1916
2017-04-10,5.2122
2017-04-11,5.2475
2017-04-12,5.2654
2017-04-13,5.276
2017-04-14,5.276
2017-04-15,5.276
2017-04-16,5.276
2017-04-17,5.276
2017-04-18,5.373
2017-04-19,5.3436
2017-04-20,5.3491
2017-04-21,5.3225
2017-04-22,5.3225
2017-04-23,5.3225
2017-04-24,5.3251
2017-04-25,5.3642
2017-04-26,5.3794
2017-04-27,5.4036
2017-04-28,5.4198
2017-04-29,5.4198
2017-04-30,5.4198
2017-05-01,5.4198
2017-05-02,5.4152
2017-05-03,5.406
2017-05-04,5.4123
2017-05-05,5.4378
2017-05-06,5.4378
2017-05-07,5.4378
2017-05-08,5.4309
2017-05-09,5.4361
2017-05-10,5.4353
2017-05-11,5.4107
2017-05-12,5.4287
2017-05-13,5.4287
2017-05-14,5.4287
2017-05-15,5.4507
2017-05-16,5.4656
2017-05-17,5.4946
2017-05-18,5.5215
2017-05-19,5.538
2017-05-20,5.538
2017-05-21,5.538
2017-05-22,5.5449
2017-05-23,5.5891
2017-05-24,5.5772
2017-05-25,5.5772
2017-05-26,5.5091
2017-05-27,5.5091
2017-05-28,5.5091
2017-05-29,5.5238
2017-05-30,5.5313
2017-05-31,5.5394
2017-06-01,5.5323
2017-06-02,5.534
2017-06-03,5.534
2017-06-04,5.534
2017-06-05,5.5528
2017-06-06,5.544
2017-06-07,5.581
2017-06-08,5.5761
2017-06-09,5.5046
2017-06-10,5.5046
2017-06-11,5.5046
2017-06-12,5.4891
2017-06-13,5.5266
2017-06-14,5.5532
2017-06-15,5.5391
2017-06-16,5.5582
2017-06-17,5.5582
2017-06-18,5.5582
2017-06-19,5.5443
2017-06-20,5.4909
2017-06-21,5.5152
2017-06-22,5.5161
2017-06-23,5.5441
2017-06-24,5.5441
2017-06-25,5.5441
2017-06-26,5.5441
2017-06-27,5.5697
2017-06-28,5.6443
2017-06-29,5.6684
2017-06-30,5.668
2017-07-01,5.668
2017-07-02,5.668
2017-07-03,5.668
2017-07-04,5.6405
2017-07-05,5.6429
2017-07-06,5.6614
2017-07-07,5.6239
2017-07-08,5.6239
2017-07-09,5.6239
2017-07-10,5.6191
2017-07-11,5.5987
2017-07-12,5.619
2017-07-13,5.6397
2017-07-14,5.703
2017-07-15,5.703
2017-07-16,5.703
2017-07-17,5.701
2017-07-18,5.6841
2017-07-19,5.6968
2017-07-20,5.6745
2017-07-21,5.674
2017-07-22,5.674
2017-07-23,5.674
2017-07-24,5.7078
2017-07-25,5.7145
2017-07-26,5.7118
2017-07-27,5.7317
2017-07-28,5.74
2017-07-29,5.74
2017-07-30,5.74
2017-07-31,5.7665
2017-08-01,5.7938
2017-08-02,5.7916
2017-08-03,5.7547
2017-08-04,5.7093
2017-08-05,5.7093
2017-08-06,5.7093
2017-08-07,5.7009
2017-08-08,5.679
2017-08-09,5.6905
2017-08-10,5.6874
2017-08-11,5.6827
2017-08-12,5.6827
2017-08-13,5.6827
2017-08-14,5.6931
2017-08-15,5.6382
2017-08-16,5.643
2017-08-17,5.6544
2017-08-18,5.6375
2017-08-19,5.6375
2017-08-20,5.6375
2017-08-21,5.6626
2017-08-22,5.6282
2017-08-23,5.6199
2017-08-24,5.6303
2017-08-25,5.6697
2017-08-26,5.6697
2017-08-27,5.6697
2017-08-28,5.6864
2017-08-29,5.6916
2017-08-30,5.6845
2017-08-31,5.6666
2017-09-01,5.6666
2017-09-02,5.6666
2017-09-03,5.6666
2017-09-04,5.7027
2017-09-05,5.7223
2017-09-06,5.7542
2017-09-07,5.7695
2017-09-08,5.8092
2017-09-09,5.8092
2017-09-10,5.8092
2017-09-11,5.8105
2017-09-12,5.8489
2017-09-13,5.8305
2017-09-14,5.8834
2017-09-15,5.9898
2017-09-16,5.9898
2017-09-17,5.9898
2017-09-18,5.9749
2017-09-19,5.9622
2017-09-20,5.977
2017-09-21,5.977
2017-09-22,5.9745
2017-09-23,5.9745
2017-09-24,5.9745
2017-09-25,5.9577
2017-09-26,5.9221
2017-09-27,5.9006
2017-09-28,5.9185
2017-09-29,5.8998
2017-09-30,5.8998
2017-10-01,5.8998
2017-10-02,5.8393
2017-10-03,5.8275
2017-10-04,5.8391
2017-10-05,5.7762
2017-10-06,5.7367
2017-10-07,5.7367
2017-10-08,5.7367
2017-10-09,5.7679
2017-10-10,5.7949
2017-10-11,5.7762
2017-10-12,5.7671
2017-10-13,5.8243
2017-10-14,5.8243
2017-10-15,5.8243
2017-10-16,5.8139
2017-10-17,5.769
2017-10-18,5.7598
2017-10-19,5.785
2017-10-20,5.7795
2017-10-21,5.7795
2017-10-22,5.7795
2017-10-23,5.7798
2017-10-24,5.7505
2017-10-25,5.8001
2017-10-26,5.7665
2017-10-27,5.7388
2017-10-28,5.7388
2017-10-29,5.7388
2017-10-30,5.765
2017-10-31,5.8022
2017-11-01,5.8067
2017-11-02,5.7451
2017-11-03,5.7302
2017-11-04,5.7302
2017-11-05,5.7302
2017-11-06,5.7484
2017-11-07,5.7588
2017-11-08,5.7538
2017-11-09,5.761
2017-11-10,5.8063
2017-11-11,5.8063
2017-11-12,5.8063
2017-11-13,5.7561
2017-11-14,5.7578
2017-11-15,5.7876
2017-11-16,5.8019
2017-11-17,5.8072
2017-11-18,5.8072
2017-11-19,5.8072
2017-11-20,5.8279
2017-11-21,5.8349
2017-11-22,5.8483
2017-11-23,5.8602
2017-11-24,5.8856
2017-11-25,5.8856
2017-11-26,5.8856
2017-11-27,5.8866
2017-11-28,5.8577
2017-11-29,5.9173
2017-11-30,5.9674
2017-12-01,5.9674
2017-12-02,5.9674
2017-12-03,5.9674
2017-12-04,5.968
2017-12-05,5.9276
2017-12-06,5.9093
2017-12-07,5.9065
2017-12-08,5.9223
2017-12-09,5.9223
2017-12-10,5.9223
2017-12-11,5.9025
2017-12-12,5.8863
2017-12-13,5.9061
2017-12-14,5.9183
2017-12-15,5.8834
2017-12-16,5.8834
2017-12-17,5.8834
2017-12-18,5.9148
2017-12-19,5.8963
2017-12-20,5.9189
2017-12-21,5.8951
2017-12-22,5.9026
2017-12-23,5.9026
2017-12-24,5.9026
2017-12-25,5.9026
2017-12-26,5.9026
2017-12-27,5.9228
2017-12-28,5.9396
2017-12-29,5.9708
2017-12-30,5.9708
2017-12-31,5.9708
2018-01-01,5.9708
2018-01-02,5.9863
2018-01-03,5.9752
2018-01-04,5.9892
2018-01-05,5.9897
2018-01-06,5.9897
2018-01-07,5.9897
2018-01-08,5.9935
2018-01-09,5.9785
2018-01-10,5.9773
2018-01-11,5.9819
2018-01-12,6.044
2018-01-13,6.044
2018-01-14,6.044
2018-01-15,6.101
2018-01-16,6.0867
2018-01-17,6.1088
2018-01-18,6.1416
2018-01-19,6.1395
2018-01-20,6.1395
2018-01-21,6.1395
2018-01-22,6.1598
2018-01-23,6.1907
2018-01-24,6.2862
2018-01-25,6.3274
2018-01-26,6.2672
2018-01-27,6.2672
2018-01-28,6.2672
2018-01-29,6.23
2018-01-30,6.2573
2018-01-31,6.2759
2018-02-01,6.2867
2018-02-02,6.2563
2018-02-03,6.2563
2018-02-04,6.2563
2018-02-05,6.1974
2018-02-06,6.1447
2018-02-07,6.1637
2018-02-08,6.2076
2018-02-09,6.1073
2018-02-10,6.1073
2018-02-11,6.1073
2018-02-12,6.1109
2018-02-13,6.1384
2018-02-14,6.1442
2018-02-15,6.2182
2018-02-16,6.1987
2018-02-17,6.1987
2018-02-18,6.1987
2018-02-19,6.1793
2018-02-20,6.1824
2018-02-21,6.1803
2018-02-22,6.1572
2018-02-23,6.1801
2018-02-24,6.1801
2018-02-25,6.1801
2018-02-26,6.1642
2018-02-27,6.1461
2018-02-28,6.096
2018-03-01,6.0756
2018-03-02,6.0929
2018-03-03,6.0929
2018-03-04,6.0929
2018-03-05,6.1061
2018-03-06,6.1061
2018-03-07,6.132
2018-03-08,6.1303
2018-03-09,6.1361
2018-03-10,6.1361
2018-03-11,6.1361
2018-03-12,6.1427
2018-03-13,6.1734
2018-03-14,6.16
2018-03-15,6.1805
2018-03-16,6.1408
2018-03-17,6.1408
2018-03-18,6.1408
2018-03-19,6.2046
2018-03-20,6.1943
2018-03-21,6.2137
2018-03-22,6.2131
2018-03-23,6.2407
2018-03-24,6.2407
2018-03-25,6.2407
2018-03-26,6.2703
2018-03-27,6.237
2018-03-28,6.2177
2018-03-29,6.1851
2018-03-30,6.1851
2018-03-31,6.1851
2018-04-01,6.1851
2018-04-02,6.1851
2018-04-03,6.2002
2018-04-04,6.2059
2018-04-05,6.1716
2018-04-06,6.21
2018-04-07,6.21
2018-04-08,6.21
2018-04-09,6.2282
2018-04-10,6.2476
2018-04-11,6.2629
2018-04-12,6.2723
2018-04-13,6.2769
2018-04-14,6.2769
2018-04-15,6.2769
2018-04-16,6.315
2018-04-17,6.3079
2018-04-18,6.2706
2018-04-19,6.2694
2018-04-20,6.1823
2018-04-21,6.1823
2018-04-22,6.1823
2018-04-23,6.1496
2018-04-24,6.1556
2018-04-25,6.1478
2018-04-26,6.1423
2018-04-27,6.0782
2018-04-28,6.0782
2018-04-29,6.0782
2018-04-30,6.0712
2018-05-01,6.0712
2018-05-02,6.0024
2018-05-03,5.9742
2018-05-04,5.9663
2018-05-05,5.9663
2018-05-06,5.9663
2018-05-07,5.9877
2018-05-08,5.9543
2018-05-09,5.9886
2018-05-10,5.9556
2018-05-11,5.983
2018-05-12,5.983
2018-05-13,5.983
2018-05-14,6.003
2018-05-15,5.9594
2018-05-16,5.956
2018-05-17,5.9657
2018-05-18,5.9531
2018-05-19,5.9531
2018-05-20,5.9531
2018-05-21,5.925
2018-05-22,5.9385
2018-05-23,5.8972
2018-05-24,5.9183
2018-05-25,5.9183
2018-05-26,5.9183
2018-05-27,5.9183
2018-05-28,5.879
2018-05-29,5.8722
2018-05-30,5.8722
2018-05-31,5.8903
2018-06-01,5.9001
2018-06-02,5.9001
2018-06-03,5.9001
2018-06-04,5.8969
2018-06-05,5.922
2018-06-06,5.9524
2018-06-07,5.9714
2018-06-08,5.9576
2018-06-09,5.9576
2018-06-10,5.9576
2018-06-11,5.9525
2018-06-12,5.9703
2018-06-13,5.9574
2018-06-14,5.9412
2018-06-15,5.9412
2018-06-16,5.9412
2018-06-17,5.9412
2018-06-18,5.9055
2018-06-19,5.8796
2018-06-20,5.8916
2018-06-21,5.9228
2018-06-22,5.931
2018-06-23,5.931
2018-06-24,5.931
2018-06-25,5.9437
2018-06-26,5.9698
2018-06-27,5.9264
2018-06-28,5.9201
2018-06-29,5.9724
2018-06-30,5.9724
2018-07-01,5.9724
2018-07-02,5.9724
2018-07-03,5.9724
2018-07-04,5.986
2018-07-05,5.9941
2018-07-06,6.0175
2018-07-07,6.0175
2018-07-08,6.0175
2018-07-09,6.0259
2018-07-10,6.1127
2018-07-11,6.2001
2018-07-12,6.1984
2018-07-13,6.1913
2018-07-14,6.1913
2018-07-15,6.1913
2018-07-16,6.202
2018-07-17,6.1653
2018-07-18,6.1237
2018-07-19,6.0895
2018-07-20,6.1506
2018-07-21,6.1506
2018-07-22,6.1506
2018-07-23,6.1541
2018-07-24,6.1746
2018-07-25,6.1748
2018-07-26,6.1784
2018-07-27,6.1629
2018-07-28,6.1629
2018-07-29,6.1629
2018-07-30,6.175
2018-07-31,6.1601
2018-08-01,6.1652
2018-08-02,6.1226
2018-08-03,6.119
2018-08-04,6.119
2018-08-05,6.119
2018-08-06,6.0805
2018-08-07,6.0837
2018-08-08,6.0521
2018-08-09,6.0504
2018-08-10,6.0094
2018-08-11,6.0094
2018-08-12,6.0094
2018-08-13,6.0044
2018-08-14,6.0017
2018-08-15,5.9806
2018-08-16,5.9951
2018-08-17,6.0042
2018-08-18,6.0042
2018-08-19,6.0042
2018-08-20,6.024
2018-08-21,6.024
2018-08-22,6.0943
2018-08-23,6.0503
2018-08-24,6.0706
2018-08-25,6.0706
2018-08-26,6.0706
2018-08-27,6.0867
2018-08-28,6.0846
2018-08-29,6.1357
2018-08-30,6.1429
2018-08-31,6.1377
2018-09-01,6.1377
2018-09-02,6.1377
2018-09-03,6.0867
2018-09-04,6.068
2018-09-05,6.1088
2018-09-06,6.1449
2018-09-07,6.1503
2018-09-08,6.1503
2018-09-09,6.1503
2018-09-10,6.1938
2018-09-11,6.1857
2018-09-12,6.2022
2018-09-13,6.2375
2018-09-14,6.2339
2018-09-15,6.2339
2018-09-16,6.2339
2018-09-17,6.2653
2018-09-18,6.2685
2018-09-19,6.2726
2018-09-20,6.3207
2018-09-21,6.3207
2018-09-22,6.3207
2018-09-23,6.3207
2018-09-24,6.2637
2018-09-25,6.2837
2018-09-26,6.29
2018-09-27,6.271
2018-09-28,6.2178
2018-09-29,6.2178
2018-09-30,6.2178
2018-10-01,6.2436
2018-10-02,6.2113
2018-10-03,6.2422
2018-10-04,6.2518
2018-10-05,6.2741
2018-10-06,6.2741
2018-10-07,6.2741
2018-10-08,6.2669
2018-10-09,6.2849
2018-10-10,6.335
2018-10-11,6.3398
2018-10-12,6.3154
2018-10-13,6.3154
2018-10-14,6.3154
2018-10-15,6.3133
2018-10-16,6.343
2018-10-17,6.3035
2018-10-18,6.2699
2018-10-19,6.2533
2018-10-20,6.2533
2018-10-21,6.2533
2018-10-22,6.2226
2018-10-23,6.2226
2018-10-24,6.1893
2018-10-25,6.1461
2018-10-26,6.1399
2018-10-27,6.1399
2018-10-28,6.1399
2018-10-29,6.1389
2018-10-30,6.1092
2018-10-31,6.115
2018-11-01,6.2053
2018-11-02,6.222
2018-11-03,6.222
2018-11-04,6.222
2018-11-05,6.2427
2018-11-06,6.2648
2018-11-07,6.301
2018-11-08,6.281
2018-11-09,6.2517
2018-11-10,6.2517
2018-11-11,6.2517
2018-11-12,6.1827
2018-11-13,6.2104
2018-11-14,6.2292
2018-11-15,6.1297
2018-11-16,6.1517
2018-11-17,6.1517
2018-11-18,6.1517
2018-11-19,6.163
2018-11-20,6.1467
2018-11-21,6.134
2018-11-22,6.1681
2018-11-23,6.1417
2018-11-24,6.1417
2018-11-25,6.1417
2018-11-26,6.1544
2018-11-27,6.1108
2018-11-28,6.1309
2018-11-29,6.137
2018-11-30,6.1288
2018-12-01,6.1288
2018-12-02,6.1288
2018-12-03,6.1246
2018-12-04,6.1347
2018-12-05,6.1246
2018-12-06,6.1482
2018-12-07,6.1482
2018-12-08,6.1482
2018-12-09,6.1482
2018-12-10,6.0878
2018-12-11,6.0619
2018-12-12,6.0764
2018-12-13,6.0878
2018-12-14,6.0458
2018-12-15,6.0458
2018-12-16,6.0458
2018-12-17,6.0776
2018-12-18,6.0955
2018-12-19,6.1029
2018-12-20,6.102
2018-12-21,6.0938
2018-12-22,6.0938
2018-12-23,6.0938
2018-12-24,6.1357
2018-12-25,6.1357
2018-12-26,6.1357
2018-12-27,6.0991
2018-12-28,6.1153
2018-12-29,6.1153
2018-12-30,6.1153
2018-12-31,6.1746
2019-01-01,6.1746
2019-01-02,6.088
2019-01-03,6.0869
2019-01-04,6.1081
2019-01-05,6.1081
2019-01-06,6.1081
2019-01-07,6.1081
2019-01-08,6.1614
2019-01-09,6.2005
2019-01-10,6.1892
2019-01-11,6.2309
2019-01-12,6.2309
2019-01-13,6.2309
2019-01-14,6.2676
2019-01-15,6.2829
2019-01-16,6.3152
2019-01-17,6.3406
2019-01-18,6.3431
2019-01-19,6.3431
2019-01-20,6.3431
2019-01-21,6.325
2019-01-22,6.3667
2019-01-23,6.4399
2019-01-24,6.4451
2019-01-25,6.4885
2019-01-26,6.4885
2019-01-27,6.4885
2019-01-28,6.5185
2019-01-29,6.5188
2019-01-30,6.4753
2019-01-31,6.5162
2019-02-01,6.4777
2019-02-02,6.4777
2019-02-03,6.4777
2019-02-04,6.4692
2019-02-05,6.4266
2019-02-06,6.4334
2019-02-07,6.4546
2019-02-08,6.478
2019-02-09,6.478
2019-02-10,6.478
2019-02-11,6.4401
2019-02-12,6.4465
2019-02-13,6.4568
2019-02-14,6.3941
2019-02-15,6.4169
2019-02-16,6.4169
2019-02-17,6.4169
2019-02-18,6.4699
2019-02-19,6.5004
2019-02-20,6.549
2019-02-21,6.542
2019-02-22,6.5458
2019-02-23,6.5458
2019-02-24,6.5458
2019-02-25,6.5876
2019-02-26,6.7264
2019-02-27,6.867
2019-02-28,6.8751
2019-03-01,6.9078
2019-03-02,6.9078
2019-03-03,6.9078
2019-03-04,6.8651
2019-03-05,6.8328
2019-03-06,6.8328
2019-03-07,6.8282
2019-03-08,6.8199
2019-03-09,6.8199
2019-03-10,6.8199
2019-03-11,6.8547
2019-03-12,6.8872
2019-03-13,6.9124
2019-03-14,6.959
2019-03-15,6.9611
2019-03-16,6.9611
2019-03-17,6.9611
2019-03-18,6.9213
2019-03-19,6.9527
2019-03-20,6.9229
2019-03-21,6.7654
2019-03-22,6.7201
2019-03-23,6.7201
2019-03-24,6.7201
2019-03-25,6.7258
2019-03-26,6.7187
2019-03-27,6.7249
2019-03-28,6.6608
2019-03-29,6.6208
2019-03-30,6.6208
2019-03-31,6.6208
2019-04-01,6.6724
2019-04-02,6.6401
2019-04-03,6.7007
2019-04-04,6.6519
2019-04-05,6.6216
2019-04-06,6.6216
2019-04-07,6.6216
2019-04-08,6.6387
2019-04-09,6.6463
2019-04-10,6.6618
2019-04-11,6.6545
2019-04-12,6.6591
2019-04-13,6.6591
2019-04-14,6.6591
2019-04-15,6.6695
2019-04-16,6.6395
2019-04-17,6.6402
2019-04-18,6.6148
2019-04-19,6.6148
2019-04-20,6.6148
2019-04-21,6.6148
2019-04-22,6.6148
2019-04-23,6.5889
2019-04-24,6.5918
2019-04-25,6.5702
2019-04-26,6.5849
2019-04-27,6.5849
2019-04-28,6.5849
2019-04-29,6.5801
2019-04-30,6.6318
2019-05-01,6.6318
2019-05-02,6.6374
2019-05-03,6.6973
2019-05-04,6.6973
2019-05-05,6.6973
2019-05-06,6.6661
2019-05-07,6.6444
2019-05-08,6.6656
2019-05-09,6.632
2019-05-10,6.6394
2019-05-11,6.6394
2019-05-12,6.6394
2019-05-13,6.6048
2019-05-14,6.5867
2019-05-15,6.5632
2019-05-16,6.5255
2019-05-17,6.4956
2019-05-18,6.4956
2019-05-19,6.4956
2019-05-20,6.499
2019-05-21,6.5218
2019-05-22,6.4703
2019-05-23,6.4816
2019-05-24,6.4995
2019-05-25,6.4995
2019-05-26,6.4995
2019-05-27,6.4877
2019-05-28,6.5052
2019-05-29,6.4785
2019-05-30,6.5019
2019-05-31,6.5676
2019-06-01,6.5676
2019-06-02,6.5676
2019-06-03,6.572
2019-06-04,6.6086
2019-06-05,6.6086
2019-06-06,6.6459
2019-06-07,6.6632
2019-06-08,6.6632
2019-06-09,6.6632
2019-06-10,6.6343
2019-06-11,6.6579
2019-06-12,6.6595
2019-06-13,6.6413
2019-06-14,6.61
2019-06-15,6.61
2019-06-16,6.61
2019-06-17,6.6003
2019-06-18,6.5911
2019-06-19,6.6352
2019-06-20,6.6695
2019-06-21,6.6815
2019-06-22,6.6815
2019-06-23,6.6815
2019-06-24,6.6852
2019-06-25,6.6928
2019-06-26,6.674
2019-06-27,6.6775
2019-06-28,6.6828
2019-06-29,6.6828
2019-06-30,6.6828
2019-07-01,6.6552
2019-07-02,6.6288
2019-07-03,6.6098
2019-07-04,6.6172
2019-07-05,6.5813
2019-07-06,6.5813
2019-07-07,6.5813
2019-07-08,6.5848
2019-07-09,6.5601
2019-07-10,6.5758
2019-07-11,6.5997
2019-07-12,6.6029
2019-07-13,6.6029
2019-07-14,6.6029
2019-07-15,6.5783
2019-07-16,6.5198
2019-07-17,6.5315
2019-07-18,6.5627
2019-07-19,6.5741
2019-07-20,6.5741
2019-07-21,6.5741
2019-07-22,6.5707
2019-07-23,6.5518
2019-07-24,6.5685
2019-07-25,6.569
2019-07-26,6.5137
2019-07-27,6.5137
2019-07-28,6.5137
2019-07-29,6.446
2019-07-30,6.3978
2019-07-31,6.4309
2019-08-01,6.3748
2019-08-02,6.3747
2019-08-03,6.3747
2019-08-04,6.3747
2019-08-05,6.3747
2019-08-06,6.3932
2019-08-07,6.4014
2019-08-08,6.4163
2019-08-09,6.358
2019-08-10,6.358
2019-08-11,6.358
2019-08-12,6.358
2019-08-13,6.3605
2019-08-14,6.3552
2019-08-15,6.3858
2019-08-16,6.4031
2019-08-17,6.4031
2019-08-18,6.4031
2019-08-19,6.4096
2019-08-20,6.4054
2019-08-21,6.4081
2019-08-22,6.4662
2019-08-23,6.468
2019-08-24,6.468
2019-08-25,6.468
2019-08-26,6.4582
2019-08-27,6.4807
2019-08-28,6.4569
2019-08-29,6.4423
2019-08-30,6.4338
2019-08-31,6.4338
2019-09-01,6.4338
2019-09-02,6.3773
2019-09-03,6.3949
2019-09-04,6.4703
2019-09-05,6.5419
2019-09-06,6.5344
2019-09-07,6.5344
2019-09-08,6.5344
2019-09-09,6.5578
2019-09-10,6.5564
2019-09-11,6.5447
2019-09-12,6.5553
2019-09-13,6.6132
2019-09-14,6.6132
2019-09-15,6.6132
2019-09-16,6.5957
2019-09-17,6.5988
2019-09-18,6.6322
2019-09-19,6.6343
2019-09-20,6.6468
2019-09-21,6.6468
2019-09-22,6.6468
2019-09-23,6.6468
2019-09-24,6.6419
2019-09-25,6.5821
2019-09-26,6.5611
2019-09-27,6.5485
2019-09-28,6.5485
2019-09-29,6.5485
2019-09-30,6.5447
2019-10-01,6.5521
2019-10-02,6.5484
2019-10-03,6.5996
2019-10-04,6.5379
2019-10-05,6.5379
2019-10-06,6.5379
2019-10-07,6.5592
2019-10-08,6.5019
2019-10-09,6.5022
2019-10-10,6.5504
2019-10-11,6.7578
2019-10-12,6.7578
2019-10-13,6.7578
2019-10-14,6.6931
2019-10-15,6.8012
2019-10-16,6.8154
2019-10-17,6.8333
2019-10-18,6.8682
2019-10-19,6.8682
2019-10-20,6.8682
2019-10-21,6.9118
2019-10-22,6.8913
2019-10-23,6.8706
2019-10-24,6.8387
2019-10-25,6.8473
2019-10-26,6.8473
2019-10-27,6.8473
2019-10-28,6.8606
2019-10-29,6.8737
2019-10-30,6.8724
2019-10-31,6.905
2019-11-01,6.9183
2019-11-02,6.9183
2019-11-03,6.9183
2019-11-04,6.8997
2019-11-05,6.8921
2019-11-06,6.8945
2019-11-07,6.8747
2019-11-08,6.8736
2019-11-09,6.8736
2019-11-10,6.8736
2019-11-11,6.8999
2019-11-12,6.8884
2019-11-13,6.8816
2019-11-14,6.8856
2019-11-15,6.9269
2019-11-16,6.9269
2019-11-17,6.9269
2019-11-18,6.9532
2019-11-19,6.9509
2019-11-20,6.9407
2019-11-21,6.9529
2019-11-22,6.9115
2019-11-23,6.9115
2019-11-24,6.9115
2019-11-25,6.9403
2019-11-26,7.073
2019-11-27,7.0862
2019-11-28,7.1033
2019-11-29,7.1369
2019-11-30,7.1369
2019-12-01,7.1369
2019-12-02,7.1512
2019-12-03,7.1994
2019-12-04,7.2675
2019-12-05,7.2797
2019-12-06,7.2797
2019-12-07,7.2797
2019-12-08,7.2797
2019-12-09,7.2863
2019-12-10,7.3016
2019-12-11,7.3042
2019-12-12,7.2859
2019-12-13,7.3832
2019-12-14,7.3832
2019-12-15,7.3832
2019-12-16,7.3947
2019-12-17,7.2963
2019-12-18,7.2492
2019-12-19,7.2196
2019-12-20,7.2333
2019-12-21,7.2333
2019-12-22,7.2333
2019-12-23,7.1641
2019-12-24,7.1798
2019-12-25,7.1798
2019-12-26,7.1798
2019-12-27,7.255
2019-12-28,7.255
2019-12-29,7.255
2019-12-30,7.2698
2019-12-31,7.3203
2020-01-01,7.3203
2020-01-02,7.2806
2020-01-03,7.2385
2020-01-04,7.2385
2020-01-05,7.2385
2020-01-06,7.2748
2020-01-07,7.2748
2020-01-08,7.2742
2020-01-09,7.2301
2020-01-10,7.2412
2020-01-11,7.2412
2020-01-12,7.2412
2020-01-13,7.1904
2020-01-14,7.2006
2020-01-15,7.201
2020-01-16,7.2245
2020-01-17,7.213
2020-01-18,7.213
2020-01-19,7.213
2020-01-20,7.1969
2020-01-21,7.2308
2020-01-22,7.2733
2020-01-23,7.2546
2020-01-24,7.2281
2020-01-25,7.2281
2020-01-26,7.2281
2020-01-27,7.2155
2020-01-28,7.1762
2020-01-29,7.1845
2020-01-30,7.1964
2020-01-31,7.1962
2020-02-01,7.1962
2020-02-02,7.1962
2020-02-03,7.0496
2020-02-04,6.9959
2020-02-05,6.9674
2020-02-06,6.9503
2020-02-07,6.9479
2020-02-08,6.9479
2020-02-09,6.9479
2020-02-10,6.9394
2020-02-11,6.9501
2020-02-12,6.9117
2020-02-13,6.9184
2020-02-14,6.8977
2020-02-15,6.8977
2020-02-16,6.8977
2020-02-17,6.8842
2020-02-18,6.8932
2020-02-19,6.8528
2020-02-20,6.8078
2020-02-21,6.8585
2020-02-22,6.8585
2020-02-23,6.8585
2020-02-24,6.8329
2020-02-25,6.8727
2020-02-26,6.847
2020-02-27,6.8231
2020-02-28,6.7925
2020-02-29,6.7925
2020-03-01,6.7925
2020-03-02,6.7727
2020-03-03,6.7772
2020-03-04,6.7932
2020-03-05,6.8516
2020-03-06,6.8516
2020-03-07,6.8516
2020-03-08,6.8516
2020-03-09,6.9748
2020-03-10,6.9096
2020-03-11,6.8695
2020-03-12,6.7169
2020-03-13,6.6732
2020-03-14,6.6732
2020-03-15,6.6732
2020-03-16,6.5728
2020-03-17,6.4573
2020-03-18,6.317
2020-03-19,6.2755
2020-03-20,6.3283
2020-03-21,6.3283
2020-03-22,6.3283
2020-03-23,6.2424
2020-03-24,6.333
2020-03-25,6.3487
2020-03-26,6.5717
2020-03-27,6.7042
2020-03-28,6.7042
2020-03-29,6.7042
2020-03-30,6.7327
2020-03-31,6.7627
2020-04-01,6.7518
2020-04-02,6.7663
2020-04-03,6.6925
2020-04-04,6.6925
2020-04-05,6.6925
2020-04-06,6.7626
2020-04-07,6.7976
2020-04-08,6.8177
2020-04-09,6.8682
2020-04-10,6.8682
2020-04-11,6.8682
2020-04-12,6.8682
2020-04-13,6.8682
2020-04-14,6.9406
2020-04-15,6.893
2020-04-16,6.8518
2020-04-17,6.8871
2020-04-18,6.8871
2020-04-19,6.8871
2020-04-20,6.8716
2020-04-21,6.7811
2020-04-22,6.8176
2020-04-23,6.8408
2020-04-24,6.8403
2020-04-25,6.8403
2020-04-26,6.8403
2020-04-27,6.8934
2020-04-28,6.9205
2020-04-29,6.9273
2020-04-30,7.0625
2020-05-01,7.0625
2020-05-02,7.0625
2020-05-03,7.0625
2020-05-04,7.0625
2020-05-05,6.9783
2020-05-06,6.9279
2020-05-07,6.8831
2020-05-08,6.9713
2020-05-09,6.9713
2020-05-10,6.9713
2020-05-11,6.9233
2020-05-12,6.909
2020-05-13,6.8646
2020-05-14,6.8512
2020-05-15,6.806
2020-05-16,6.806
2020-05-17,6.806
2020-05-18,6.8495
2020-05-19,6.8791
2020-05-20,6.8931
2020-05-21,6.8771
2020-05-22,6.8462
2020-05-23,6.8462
2020-05-24,6.8462
2020-05-25,6.8462
2020-05-26,6.9339
2020-05-27,6.8718
2020-05-28,6.9287
2020-05-29,6.9232
2020-05-30,6.9232
2020-05-31,6.9232
2020-06-01,7.0209
2020-06-02,7.067
2020-06-03,7.0874
2020-06-04,7.0883
2020-06-05,7.1453
2020-06-06,7.1453
2020-06-07,7.1453
2020-06-08,7.1389
2020-06-09,7.1734
2020-06-10,7.1824
2020-06-11,7.1153
2020-06-12,7.0751
2020-06-13,7.0751
2020-06-14,7.0751
2020-06-15,7.1004
2020-06-16,7.125
2020-06-17,7.0895
2020-06-18,7.0165
2020-06-19,6.9906
2020-06-20,6.9906
2020-06-21,6.9906
2020-06-22,7.0384
2020-06-23,7.0861
2020-06-24,7.0267
2020-06-25,7.0219
2020-06-26,6.9909
2020-06-27,6.9909
2020-06-28,6.9909
2020-06-29,6.9619
2020-06-30,7.0084
2020-07-01,7.066
2020-07-02,7.0661
2020-07-03,7.0701
2020-07-04,7.0701
2020-07-05,7.0701
2020-07-06,7.08
2020-07-07,7.1378
2020-07-08,7.1421
2020-07-09,7.1574
2020-07-10,7.1809
2020-07-11,7.1809
2020-07-12,7.1809
2020-07-13,7.1625
2020-07-14,7.1065
2020-07-15,7.1479
2020-07-16,7.1541
2020-07-17,7.1149
2020-07-18,7.1149
2020-07-19,7.1149
2020-07-20,7.1785
2020-07-21,7.2372
2020-07-22,7.2243
2020-07-23,7.2371
2020-07-24,7.264
2020-07-25,7.264
2020-07-26,7.264
2020-07-27,7.3202
2020-07-28,7.3513
2020-07-29,7.3673
2020-07-30,7.4098
2020-07-31,7.4098
2020-08-01,7.4098
2020-08-02,7.4098
2020-08-03,7.4252
2020-08-04,7.4252
2020-08-05,7.4565
2020-08-06,7.4661
2020-08-07,7.4117
2020-08-08,7.4117
2020-08-09,7.4117
2020-08-10,7.4343
2020-08-11,7.4349
2020-08-12,7.4158
2020-08-13,7.4362
2020-08-14,7.4481
2020-08-15,7.4481
2020-08-16,7.4481
2020-08-17,7.4457
2020-08-18,7.5212
2020-08-19,7.4939
2020-08-20,7.4696
2020-08-21,7.4452
2020-08-22,7.4452
2020-08-23,7.4452
2020-08-24,7.4302
2020-08-25,7.47
2020-08-26,7.4967
2020-08-27,7.4961
2020-08-28,7.585
2020-08-29,7.585
2020-08-30,7.585
2020-08-31,7.6038
2020-09-01,7.6529
2020-09-02,7.5653
2020-09-03,7.5441
2020-09-04,7.52
2020-09-05,7.52
2020-09-06,7.52
2020-09-07,7.5069
2020-09-08,7.4257
2020-09-09,7.4155
2020-09-10,7.3333
2020-09-11,7.2857
2020-09-12,7.2857
2020-09-13,7.2857
2020-09-14,7.3401
2020-09-15,7.3276
2020-09-16,7.4034
2020-09-17,7.3857
2020-09-18,7.3886
2020-09-19,7.3886
2020-09-20,7.3886
2020-09-21,7.3886
2020-09-22,7.2614
2020-09-23,7.2798
2020-09-24,7.253
2020-09-25,7.2452
2020-09-26,7.2452
2020-09-27,7.2452
2020-09-28,7.33
2020-09-29,7.3342
2020-09-30,7.3624
2020-10-01,7.3579
2020-10-02,7.3815
2020-10-03,7.3815
2020-10-04,7.3815
2020-10-05,7.3992
2020-10-06,7.3927
2020-10-07,7.3733
2020-10-08,7.3859
2020-10-09,7.419
2020-10-10,7.419
2020-10-11,7.419
2020-10-12,7.4544
2020-10-13,7.3934
2020-10-14,7.4281
2020-10-15,7.3716
2020-10-16,7.3782
2020-10-17,7.3782
2020-10-18,7.3782
2020-10-19,7.4221
2020-10-20,7.4057
2020-10-21,7.5056
2020-10-22,7.4778
2020-10-23,7.4539
2020-10-24,7.4539
2020-10-25,7.4539
2020-10-26,7.4377
2020-10-27,7.4477
2020-10-28,7.4123
2020-10-29,7.3616
2020-10-30,7.3953
2020-10-31,7.3953
2020-11-01,7.3953
2020-11-02,7.3732
2020-11-03,7.4486
2020-11-04,7.4285
2020-11-05,7.4804
2020-11-06,7.487
2020-11-07,7.487
2020-11-08,7.487
2020-11-09,7.528
2020-11-10,7.5837
2020-11-11,7.5494
2020-11-12,7.5106
2020-11-13,7.5209
2020-11-14,7.5209
2020-11-15,7.5209
2020-11-16,7.5408
2020-11-17,7.5709
2020-11-18,7.6037
2020-11-19,7.558
2020-11-20,7.5941
2020-11-21,7.5941
2020-11-22,7.5941
2020-11-23,7.5947
2020-11-24,7.6305
2020-11-25,7.6477
2020-11-26,7.6157
2020-11-27,7.6335
2020-11-28,7.6335
2020-11-29,7.6335
2020-11-30,7.6467
2020-12-01,7.6411
2020-12-02,7.6182
2020-12-03,7.71
2020-12-04,7.7123
2020-12-05,7.7123
2020-12-06,7.7123
2020-12-07,7.7123
2020-12-08,7.6134
2020-12-09,7.6734
2020-12-10,7.6075
2020-12-11,7.5578
2020-12-12,7.5578
2020-12-13,7.5578
2020-12-14,7.6432
2020-12-15,7.6484
2020-12-16,7.7273
2020-12-17,7.7675
2020-12-18,7.7172
2020-12-19,7.7172
2020-12-20,7.7172
2020-12-21,7.6138
2020-12-22,7.6517
2020-12-23,7.7344
2020-12-24,7.7779
2020-12-25,7.7779
2020-12-26,7.7779
2020-12-27,7.7779
2020-12-28,7.7779
2020-12-29,7.7383
2020-12-30,7.8087
2020-12-31,7.8787
